1541	Zemmoura	زمورة	36.37899	1.28991	2572600
1540	Yellel	يلل	35.72240	0.35329	2490822
1539	Souk El Had	سوق الحد	35.93632	1.27006	
1538	Sidi Saada	سيدي سعادة	35.67289	0.35254	7407057
1537	Sidi M'hamed Benaouda	سيدي امحمد بن عودة	35.60409	0.58874	2480164
1536	Sidi M'hamed Benali	سيدي أمحمد بن علي	36.15000	0.85000	2480165
1535	Sidi Lazreg	سيدي لزرق	35.64625	0.77796	7417368
1534	Sidi Khettab	سيدي  خطاب	35.90000	0.51667	2480337
1533	Relizane	غليزان	35.73734	0.55599	2483668
1532	Ramka	الرمكة	35.85550	1.33229	2484006
1531	Ouled Sidi Mihoub	أولاد سيدي الميهوب	35.97383	0.69278	
1530	Ouled Aiche	أولاد يعيش	35.82658	0.96407	2485005
1529	Oued-Rhiou	وادي رهيو	35.96124	0.91896	2485582
1528	Oued Essalem	وادي السلام	35.57931	0.92441	2485621
1527	Oued El Djemaa	وادي الجمعة	35.79776	0.68129	2485630
1526	Ouarizane	واريزان	36.04416	0.89728	2485789
1525	Merdja Sidi Abed	مرجة سيدي عابد	36.00963	1.02397	7425747
1524	Mendes	منداس	35.65008	0.86452	2488156
1523	Mediouna	مديونة	36.11667	0.75000	2488803
1522	Mazouna	مازونة	36.12232	0.89865	2489987
1521	Lahlef	لحلاف	35.89401	0.97965	2491172
1520	Kalaa	القلعة	35.58333	0.33333	2492799
1519	Hamri	حمري	36.02117	0.69908	2498092
1518	Had Echkalla	حد الشكالة	35.68131	1.14676	
1517	El-Matmar	المطمر	35.73236	0.46159	2497693
1516	El-Guettar	القطار	36.08790	0.81685	
1515	El Ouldja	الولجة	35.90926	1.12045	
1514	El H'madna	الحمادنة	36.85889	3.73000	2573671
1513	El Hassi	الحاسي	35.82204	0.65767	7419935
1512	Djidiouia	جديوية	35.92989	0.82871	2492920
1511	Dar Ben Abdelah	دار بن عبد الله	35.70098	0.68719	2578821
1510	Beni Zentis	بني زنطيس	36.08932	0.66812	
1509	Beni Dergoun	بني درقن	35.79623	0.80351	2579962
1508	Bendaoud	بن داود	35.71914	0.52024	2499519
1507	Belaassel Bouzagza	بلعسل بوزقزة	35.84067	0.49890	2505185
1506	Ammi Moussa	عمي موسى	35.86781	1.11143	2507155
1505	Ain-Tarek	عين طارق	35.73333	1.10000	2507914
1504	Ain Rahma	عين الرحمة	35.62465	0.39290	7393244
1503	Zelfana	زلفانة	32.39780	4.22538	2474667
1502	Sebseb	سبسب	32.16210	3.58914	
1501	Metlili	متليلي	33.93708	2.90141	2487628
1500	Mansoura	المنصورة	31.95528	3.58791	12166735
1499	Hassi Gara	حاسي القارة	30.55743	2.89843	
1498	Hassi Fehal	حاسي الفحل	31.60529	3.67426	
1497	El Guerrara	القرارة	32.79211	4.49949	2495524
1496	Ghardaia	غرداية	32.49094	3.67347	2496049
1495	El Meniaa	المنيعة	30.71909	3.00376	12226389
1494	El Atteuf	العطف	32.47523	3.74923	2498596
1493	Dhayet Bendhahoua	ضاية بن ضحوة	32.53482	3.60824	
1492	Bounoura	بونورة	32.48276	3.71218	2502563
1491	Berriane	بريان	32.82648	3.76689	2504110
1490	Terga	تارقة	35.41835	-1.17921	2477047
1489	Tamzoura	تامزورة	35.40889	-0.65936	2478043
1488	Sidi Safi	سيدي صافي	35.28123	-1.31250	2479852
1487	Sidi Ouriache	سيدي ورياش	35.11770	-1.50510	
1486	Sidi Boumediene	سيدي بومدين	35.35361	-0.89394	2480794
1485	Sidi Ben Adda	سيدي بن عدة	35.30586	-1.18136	2480960
1484	Oulhaca El Gheraba	ولهاصة الغرابة	35.21667	-1.51667	2484755
1483	Ouled Kihal	أولاد الكيحل	35.20000	-1.20000	2508036
1482	Ouled Boudjemaa	أولاد بوجمعة	35.40250	-1.19200	
1481	Oued Sebbah	وادي الصباح	35.38333	-0.81667	2485577
1480	Oued Berkeche	وادي برقش	35.22204	-0.98563	2485657
1479	Hassi El Ghella	حاسي الغلة	35.45534	-1.05266	2494054
1478	Hassasna	الحساسنة	35.23333	-0.96667	2494119
1477	Hammam Bou Hadjar	حمام بوحجر	35.37889	-0.96778	2494554
1476	Emir Abdelkader	الأمير عبد القادر	35.15360	-1.40350	
1475	El Messaid	المساعيد	35.47190	-1.12340	
1474	El Maleh	المالح	35.39137	-1.09238	2497714
1473	El Amria	العامرية	35.52439	-1.01577	2498704
1472	Chentouf	شنتوف	35.23220	-1.03000	
1471	Chaabat El Ham	شعبة اللحم	35.33619	-1.10145	2501934
1470	Bouzedjar	بوزجار	35.58116	-1.14776	2502183
1469	Beni Saf	بني صاف	35.30099	-1.38226	2504581
1468	Aoubellil	عقب الليل	35.13735	-0.99195	2506910
1467	Ain Tolba	عين الطلبة	35.24893	-1.25049	2507887
1466	Ain Temouchent	عين تموشنت	35.29749	-1.14037	2507901
1465	Ain Kihal	عين الكيحل	35.20261	-1.19857	2508037
1464	Ain El Arbaa	عين الأربعاء	35.40603	-0.88121	2508194
1463	Aghlal	أغلال	35.20111	-1.06958	2508670
1462	Tiout	تيوت	32.77111	-0.41407	2476032
1461	Sfissifa	سفيسيفة	32.72926	-0.86913	2481645
1460	Naama	النعامة	33.26667	-0.31667	2486523
1459	Moghrar	مغرار	32.51229	-0.58816	2487297
1458	Mecheria	المشرية	33.54453	-0.28117	2489865
1457	Makmen Ben Amar	مكمن بن عمار	33.71667	-0.73333	2488487
1456	Kasdir	القصدير	33.70424	-1.38088	2497965
1455	El Biodh	البيوض	33.76354	-0.13102	2498489
1454	Djenienne Bourezg	جنين بورزق	32.36334	-0.80213	2499837
1453	Asla	عسلة	33.00902	-0.07755	2506321
1452	Ain Sefra	عين الصفراء	32.75000	-0.58333	2507943
1451	Ain Ben Khelil	عين بن خليل	33.28789	-0.76384	2508272
1450	Zeddine	زدين	36.16225	1.84244	7671216
1449	Tiberkanine	تبركانين	36.17430	1.62761	7525576
1448	Tarik-Ibn-Ziad	طارق بن زياد	35.99377	2.14558	2477727
1447	Tacheta Zegagha	تاشتة زقاغة	36.35128	1.64101	2573227
1446	Sidi-Lakhdar	سيدي الأخضر	36.26389	2.16083	2480309
1445	Rouina	الروينة	36.24463	1.80662	2482893
1444	Oued Djemaa	واد الجمعة	36.11418	2.30438	8302469
1443	Oued Chorfa	وادي الشرفاء	36.16509	2.55371	2475081
1442	Miliana	مليانة	36.30554	2.22480	2487444
1441	Mekhatria	المخاطرية	36.18318	1.91556	7495365
1440	Khemis-Miliana	خميس مليانة	36.35106	1.68233	2497866
1439	Hoceinia	الحسينية	36.17353	2.06526	7430042
1438	Hassania	الحسانية	36.11667	1.90000	2498044
1437	Hammam-Righa	حمام ريغة	36.37972	2.39889	2494535
1436	El-Maine	الماين	36.05079	1.75776	7492713
1435	El-Attaf	العطاف	36.22393	1.67187	2498590
1434	El-Amra	العامرة	36.30693	1.84816	2491830
1433	El-Abadia	العبادية	36.26951	1.68609	2498782
1432	Djendel	جندل	36.22096	2.41368	2499852
1431	Djemaa Ouled Cheikh	جمعة أولاد الشيخ	36.07863	2.00568	2498423
1430	Djelida	جليدة	36.20556	2.07920	7430020
1429	Bourached	بوراشد	36.10020	1.92810	
1428	Boumedfaa	بومدفع	36.36667	2.46667	2502659
1427	Bordj-Emir-Khaled	برج الأمير خالد	36.12139	2.20444	2503657
1426	Bir-Ould-Khelifa	بئر ولد خليفة	36.18028	2.23028	2592668
1425	Ben Allal	بن علال	36.24210	2.16430	
1424	Belaas	بلعاص	35.91130	1.85120	
1423	Bathia	بطحية	35.84680	1.84020	
1422	Birbouche	بربوش	36.10589	2.48185	2504589
1421	Arib	عريب	36.29167	2.06961	2506512
1420	Ain-Torki	عين التركي	36.33511	2.30182	2507885
1419	Ain-Soltane	عين السلطان	36.24889	2.29667	2507922
1418	Ain-Lechiakh	عين الاشياخ	36.15848	2.40514	2508030
1417	Ain-Defla	عين الدفلى	36.26405	1.96790	2508228
1416	Ain-Bouyahia	عين بويحيى	36.28791	1.76697	2484769
1415	Ain-Benian	عين البنيان	36.34940	2.38644	
1414	Zeghaia	زغاية	36.46938	6.17689	
1413	Yahia Beniguecha	يحي بني قشة	36.39267	5.99280	2504690
1412	Tiberguent	تيبرقنت	36.40917	6.04000	2476878
1411	Tassala Lematai	تسالة لمطاعي	36.55450	6.00477	
1410	Terrai Bainen	ترعي باينان	36.54994	6.13847	
1409	Teleghma	التلاغمة	36.11802	6.35811	
1408	Tassadane Haddada	تسدان حدادة	36.50162	5.87873	
1407	Tadjenanet	تاجنانت	36.12129	5.98670	2478876
1406	Sidi Merouane	سيدي مروان	36.52056	6.26111	2480198
1405	Sidi Khelifa	سيدي خليفة	36.36357	6.26171	
1404	Rouached	الرواشد	36.45774	6.04267	2482939
1403	Ouled Khalouf	أولاد اخلوف	35.98910	6.13860	
1402	Oued Seguen	وادي سقان	36.18112	6.38831	
1401	Oued Endja	وادي النجاء	36.43333	6.11667	2484901
1400	Oued Athmenia	وادي العثمانية	36.24944	6.28861	2485661
1399	Minar Zarza	مينار زارزة	36.45880	5.89970	
1398	Mila	ميلة	36.45028	6.26444	2487452
1397	Hamala	حمالة	36.57236	6.33966	2494732
1396	Grarem Gouga	القرارم قوقة	36.51526	6.32613	
1395	Ferdjioua	فرجيوة	36.40000	5.95000	2496533
1394	El Mechira	مشيرة	36.15453	6.16276	
1393	El Ayadi Barbes	العياضي برباس	36.43578	5.81979	
1392	Derrahi Bousselah	دراحي بوصلاح	36.31193	5.92923	
1391	Chigara	الشيقارة	36.56024	6.22472	
1390	Chelghoum Laid	شلغوم العيد	36.16286	6.16651	2501541
1389	Bouhatem	بوحاتم	36.30432	6.01207	
1388	Benyahia Abderrahmane	بن يحي عبد الرحمن	36.23266	6.01332	2504295
1387	Amira Arres	اعميرة اراس	36.46770	6.06450	
1386	Ain Tine	عين التين	36.39111	6.32222	11205580
1385	Ain Mellouk	عين الملوك	36.27646	6.17529	
1384	Ain Beida Harriche	 عين البيضاء أحريش	36.32840	5.89970	
1383	Ahmed Rachedi	أحمد راشدي	36.39095	6.13096	2508431
1382	Tipaza	تيبازة	36.58972	2.44889	2476028
1381	Sidi-Amar	سيدي عامر	36.54212	2.30540	2481095
1380	Sidi Semiane	سيدي سميان	36.49989	2.06629	
1379	Sidi Rached	سيدي راشد	36.56139	2.53250	2479889
1378	Sidi Ghiles	سيدي غيلاس	36.58327	2.12285	2480447
1377	Nador	الناظور	36.57000	2.39250	2486492
1376	Messelmoun	مسلمون	36.56382	1.99938	2487709
1375	Merad	مراد	36.47477	2.42625	2488058
1374	Menaceur	مناصر	36.49389	2.24306	2488189
1373	Larhat	الأرهاط	36.55709	1.80246	2475078
1372	Kolea	القليعة	36.63888	2.76845	2491578
1371	Khemisti	خميستي	35.66864	1.96491	2491908
1370	Hadjret Ennous	حجرة النص	36.57056	2.05167	2592666
1369	Hadjout	حجوط	36.51257	2.41382	2494962
1368	Gouraya	قوراية	36.57172	1.90354	2495921
1367	Fouka	فوكة	36.66212	2.74217	2496331
1366	Douaouda	دواودة	36.67250	2.78944	2499555
1365	Damous	الداموس	36.54933	1.70577	2500997
1364	Cherchell	شرشال	36.60500	2.19083	2501440
1363	Chaiba	الشعيبة	36.62507	2.72701	2501818
1362	Bourkika	بورقيقة	36.49454	2.47640	2502438
1361	Bou Ismail	بواسماعيل	36.64262	2.69007	2502939
1360	Bou Haroun	بوهارون	36.62503	2.65747	2503020
1359	Beni Mileuk	بني ميلك	36.44469	1.71698	2573263
1358	Attatba	الحطاطبة	36.57278	2.67694	2506098
1357	Ain Tagourait	عين تاقورايت	36.59972	2.61028	2592673
1356	Ahmer El Ain	أحمر العين	36.47688	2.56593	2508427
1355	Aghbal	أغبال	36.50284	1.84588	
1354	Zouabi	الزوابي	36.12217	7.39839	
1353	Zaarouria	الزعرورية	36.19202	7.95793	
1352	Tiffech	تيفاش	36.19064	7.78582	
1351	Terraguelt	ترقالت	35.88430	7.59807	
1350	Taoura	تاورة	36.16750	8.04028	2477933
1349	Souk Ahras	سوق أهراس	36.28639	7.95111	2479215
1348	Sidi Fredj	سيدي فرج	36.15310	8.19527	
1347	Sedrata	سدراتة	36.12868	7.53376	2482090
1346	Safel El Ouiden	سافل الويدان	35.92962	7.49404	
1345	Ragouba	الراقوبة	36.05580	7.66570	
1344	Ouillen	ويلان	36.22777	8.06516	
1343	Oum El Adhaim	أم العظايم	35.96470	7.60250	
1342	Ouled Moumen	أولاد مومن	36.34028	8.31634	
1341	Ouled Driss	أولاد إدريس	36.35000	8.01667	2484924
1340	Oued Kebrit	وادي الكبريت	35.92299	7.91753	
1339	Merahna	المراهنة	36.16667	8.16667	2488046
1338	M'daourouche	مداوروش	36.07821	7.81960	2489922
1337	Machroha	المشروحة	36.35000	7.83333	2489834
1336	Khemissa	خميسة	36.19481	7.65145	
1335	Khedara	الخضارة	36.28333	8.31667	2491986
1334	Hanencha	الحنانشة	36.21667	7.83333	2494350
1333	Haddada	الحدادة	36.23070	8.33775	
1332	Drea	الدريعة	36.12180	7.88271	2499057
1331	Bir Bouhouche	بئر بوحوش	36.01421	7.42906	
1330	Ain Zana	عين الزانة	36.40190	8.20933	
1329	Ain Soltane	عين سلطان	36.17946	7.36772	
1328	Yabous	يابوس	35.40765	6.64167	
1327	Taouzianat	تاوزيانت	35.51076	6.80871	
1326	Tamza	طامزة	35.31491	6.83041	2478049
1325	Remila	الرميلة	35.57111	6.89883	
1324	Ouled Rechache	أولاد رشاش	35.29730	7.35484	
1323	M'toussa	متوسة	35.50667	7.30222	2486616
1322	M'sara	مصارة	35.16710	6.57260	
1321	Khirane	خيران	34.99794	6.76141	
1320	Khenchela	خنشلة	35.43583	7.14333	2491889
1319	Kais	قايس	35.49474	6.92492	2492809
1318	Ensigha	انسيغة	35.38637	7.14269	
1317	El Oueldja	الولجة	34.91528	6.68178	
1316	El Mahmal	المحمل	35.37518	7.21156	
1315	El Hamma	الحامة	35.43333	7.08333	2498115
1314	Djellal	جلال	34.91925	6.89287	2499989
1313	Chelia	شلية	35.36423	6.77939	
1312	Chechar	ششار	35.01667	7.01667	2501671
1311	Bouhmama	بوحمامة	35.28643	6.73393	2502989
1310	Baghai	بغاي	35.52306	7.11194	2505815
1309	Babar	بابار	35.16747	7.10379	2505861
1308	Ain Touila	عين الطويلة	35.43333	7.38333	2507881
1307	Trifaoui	الطريفاوي	33.42298	6.93452	2475187
1306	Tenedla	تندلة	33.67790	6.03200	2477152
1305	Taleb Larbi	الطالب العربي	33.36179	6.86301	
1304	Taghzout	تغزوت	33.47548	6.79985	
1303	Still	سطيل	34.24659	5.91404	2479086
1302	Sidi Khelil	سيدي خليل	33.83689	5.95577	2480344
1301	Sidi Aoun	سيدي عون	33.54212	6.90079	2481054
1300	Sidi Amrane	سيدي عمران	33.49885	6.00803	2481058
1299	Robbah	الرباح	33.27967	6.90984	2483000
1298	Reguiba	الرقيبة	33.56391	6.70326	2483746
1297	Ourmes	ورماس	33.41667	6.77731	2484356
1296	Oum Touyour	أم الطيور	34.14869	5.83829	2484540
1295	Oued El Alenda	وادي العلندة	33.23081	6.76137	
1294	Nakhla	النخلة	33.27521	6.94838	2486403
1293	M'rara	المرارة	33.58030	5.28720	
1292	Mih Ouansa	اميه وانسة	33.12380	6.70440	
1291	Magrane	المقرن	33.58333	6.95000	11205017
1290	Kouinine	كوينين	33.40000	6.83333	2491487
1289	Hassi Khalifa	حاسي خليفة	33.56303	6.99530	
1288	Hassani Abdelkrim	حساني عبد الكريم	33.47717	6.89488	
1287	Hamraia	الحمراية	34.11033	6.22994	
1286	Guemar	قمار	33.48529	6.79693	2495601
1285	El-Oued	الوادي	33.18333	7.23333	2497406
1284	El-M'ghaier	المغير	33.95304	5.92927	2497655
1283	El Ogla	العقلة	33.25110	6.94417	2497438
1282	Douar El Maa	دوار الماء	33.37385	7.68577	
1281	Djamaa	جامعة	33.53388	5.99306	2500282
1280	Debila	الدبيلة	33.51667	6.95000	2500737
1279	Ben Guecha	بن  قشة	36.39267	5.99280	2504690
1278	Bayadha	البياضة	33.32725	6.87823	
1277	Youssoufia	اليوسفية	35.87790	2.11210	
1276	Tissemsilt	تيسمسيلت	35.60722	1.81081	2475860
1275	Theniet El Had	ثنية الاحد	35.87111	2.02806	2476915
1274	Tamellahet	تملاحت	31.75620	-7.52560	
1273	Sidi Slimane	سيدي سليمان	35.85443	1.72379	
1272	Sidi Lantri	سيدي العنتري	35.69364	1.50325	
1271	Sidi Boutouchent	سيدي بوتوشنت	35.82527	1.94927	
1270	Sidi Abed	سيدي عابد	35.71031	1.67707	
1269	Ouled Bessam	أولاد بسام	35.68540	1.86464	
1268	Melaab	الملعب	35.71480	1.33317	2488428
1267	Maacem	المعاصم	35.65887	1.55315	
1266	Lazharia	الأزهرية	35.93333	1.56667	2490984
1265	Layoune	العيون	27.14180	-13.18797	2462881
1264	Lardjem	لرجام	35.74922	1.54778	2479203
1263	Larbaa	الأربعاء	36.56471	3.15434	2491050
1262	Khemisti	خميستي	35.66864	1.96491	2491908
1261	Boucaid	بوقائد	35.89111	1.61972	2503392
1260	Bordj El Emir Abdelkader	برج الأمير عبد القادر	35.86583	2.27028	2503666
1259	Bordj Bounaama	برج بونعامة	35.85167	1.61806	2503695
1258	Beni Lahcene	بني لحسن	35.81309	1.68947	
1257	Beni Chaib	بني شعيب	35.81968	1.79820	
1256	Ammari	عماري	35.58333	1.65000	2507159
1255	Tindouf	تندوف	27.67111	-8.14743	2476301
1254	Oum El Assel	أم العسل	28.28990	-6.53410	
1253	Zitouna	الزيتونة	36.66674	8.23320	
1252	Zerizer	زريزر	36.72730	7.89460	2474493
1251	Souarekh	السوارخ	36.81667	8.60000	2479293
1250	Raml Souk	رمل السوق	36.78611	8.53556	2482856
1249	Oued Zitoun	وادي الزيتون	36.39700	8.05850	
1248	Lac Des Oiseaux	بحيرة الطيور	36.77542	8.11824	2570566
1247	Hammam Beni Salah	حمام بني صالح	36.57944	8.32056	2585426
1246	El Tarf	الطارف	36.76720	8.31377	2497323
1245	El Kala	القالة	36.89556	8.44333	2497988
1244	El Aioun	العيون	36.82648	8.59909	2498732
1243	Echatt	الشط	36.83031	7.87275	
1242	Drean	الذرعـان	36.68482	7.75111	2499055
1241	Chihani	شحاني	36.57800	7.77560	
1240	Chefia	الشافية	36.66239	8.10683	
1239	Chebaita Mokhtar	شبيطة مختار	36.75584	7.74073	
1238	Bouteldja	بوثلجة	36.78698	8.19767	2502259
1237	Bouhadjar	بوحجار	36.12857	3.37468	8281330
1236	Bougous	بوقوس	36.65823	8.37073	
1235	Besbes	البسباس	36.70222	7.84722	2504072
1234	Berrihane	بريحان	36.83769	8.12578	
1233	Ben M Hidi	بن مهيدي	36.76967	7.90641	2504486
1232	Asfour	عصفور	36.67273	7.97421	2506350
1231	Ain Kerma	عين الكرمة	36.58333	8.20000	2508055
1230	Ain El Assel	عين العسل	36.78694	8.38500	2508191
1229	Zemmouri	زموري	36.78528	3.60361	2474633
1228	Timezrit	تيمزريت	36.67301	3.80647	
1227	Tidjelabine	تيجلابين	36.73046	3.49482	2476808
1226	Thenia	الثنية	36.72544	3.55665	2476917
1225	Taourga	تاورقة	36.79390	3.95034	2477926
1224	Souk El Had	سوق الحد	36.69061	3.58912	2479201
1223	Sidi Daoud	سيدي داود	36.85583	3.85667	2480672
1222	Si Mustapha	سي مصطفى	36.72328	3.61807	2479576
1221	Ouled Moussa	أولاد موسى	36.68394	3.36661	2484835
1220	Ouled Hedadj	أولاد هداج	36.71392	3.33700	
1219	Ouled Aissa	أولاد عيسى	36.80607	3.81414	
1218	Naciria	الناصرية	36.74625	3.83163	2486505
1217	Leghata	لقاطة	36.78924	3.68342	
1216	Larbatache	الاربعطاش	36.63773	3.37127	2506623
1215	Khemis El Khechna	خميس الخشنة	36.64997	3.33080	2491913
1214	Isser	يسر	36.71667	3.66667	2492989
1213	Hammedi	حمادي	36.68088	3.25798	
1212	El Kharrouba	الخروبة	36.65603	3.41025	
1211	Djinet	جنات	36.87806	3.72306	2499846
1210	Dellys	دلس	36.91716	3.91311	2500583
1209	Corso	قورصو	36.75472	3.44278	2501138
1208	Chabet El Ameur	شعبة العامر	36.63709	3.69474	2501873
1207	Bouzegza Keddara	بوزقزة قدارة	36.60000	3.43333	2502160
1206	Boumerdes	بومرداس	36.76639	3.47717	2474141
1205	Boudouaou El Bahri	بودواو البحري	36.77187	3.40555	2503307
1204	Boudouaou	بودواو	36.72735	3.40995	2503229
1203	Bordj Menaiel	برج منايل	36.74328	3.71730	2503641
1202	Beni Amrane	بني عمران	36.66774	3.59115	2504739
1201	Ben Choud	بن شود	36.86318	3.88035	2504453
1200	Baghlia	بغلية	36.81694	3.85722	2505812
1199	Ammal	عمال	36.63335	3.59130	
1198	Afir	أعفير	36.84444	3.98722	2508741
1197	Tixter	تيكستار	36.04750	5.08119	2475806
1196	Teniet En Nasr	ثنية النصر	36.21667	4.58333	2477113
1195	Tassamert	تسامرت	36.27131	4.82184	2477657
1194	Taglait	تقلعيت	35.77192	5.00115	
1193	Tefreg	تفرق	36.30094	4.72058	
1192	Sidi-Embarek	سيدي أمبارك	36.10139	4.90833	2480479
1191	Ras El Oued	رأس الوادي	35.94410	5.03107	2483936
1190	Rabta	الرابطة	35.92423	4.75143	2484152
1189	Ouled Sidi-Brahim	أولاد سيدي ابراهيم	36.22651	4.33575	2480741
1188	Ouled Dahmane	أولاد دحمان	36.22149	4.77019	
1187	Ouled Brahem	أولاد أبراهم	35.80220	5.07570	
1186	Medjana	مجانة	36.13186	4.66903	2488793
1185	Mansoura	المنصورة	36.08725	4.45192	2490180
1184	Ksour	القصور	35.98860	4.51930	2491253
1183	Khelil	خليل	36.17912	5.02339	2491948
1182	Hasnaoua	حسناوة	36.15263	4.79671	
1181	Haraza	حرازة	36.15545	4.22526	
1180	Ghailasa	غيلاسة	35.84757	4.90830	
1179	El M'hir	المهير	36.10000	4.31667	2497638
1178	El Main	الماين	36.37157	4.73804	2497728
1177	Elhammadia	الحمادية	35.97922	4.74742	2498113
1176	El Annasseur	العناصر	36.04044	4.81864	
1175	El Achir	الياشير	36.06386	4.62744	2498766
1174	El Euch	العش	34.74994	8.03988	2498393
1173	Djaafra	جعافرة	36.29228	4.66287	
1172	Colla	القلة	36.25927	4.65894	
1171	Bordj Zemmoura	برج زمورة	36.26773	4.84117	
1170	Bordj Ghedir	برج الغدير	35.89919	4.89918	
1169	Bir Kasdali	بئر قاصد علي	36.14447	5.02762	2503849
1168	Ben Daoud	بن داود	35.71914	0.52024	2499519
1167	Belimour	بليمور	35.98111	4.87889	2505153
1166	B. B. Arreridj	برج بوعريرج	36.07389	4.76139	2503701
1165	Ain Tesra	عين تسرة	36.01796	4.96960	
1164	Ain Taghrout	عين تاغروت	36.13012	5.07721	2507918
1163	In Amenas	إن أمناس	28.04371	9.54112	2493330
1162	Illizi	إيليزي	26.48333	8.46667	2493456
1161	Djanet	جانت	24.16724	9.32725	12226388
1160	Debdeb	دبداب	29.96698	9.42423	
1159	Bordj Omar Driss	برج عمر إدريس	28.12024	6.81856	2503633
1158	Bordj El Haouass	برج الحواس	24.87856	8.44295	
1157	Tousmouline	توسمولين	33.65185	0.30860	2475259
1156	Stitten	ستيتن	33.75695	1.22372	2479078
1155	Sidi Tiffour	سيدي طيفور	33.72132	1.68659	2479734
1154	Sidi Slimane	سيدي سليمان	33.83333	1.72976	2479797
1153	Sidi Ameur	سيدي عامر	33.76828	1.43332	2481078
1152	Rogassa	رقاصة	34.03333	0.90000	2482991
1151	Krakda	كراكدة	33.31899	0.95759	2492403
1150	Kef El Ahmar	الكاف الأحمر	33.77910	0.63170	
1149	Ghassoul	الغاسول	33.37716	1.20267	2496044
1148	El Mehara	المحرة	33.31227	0.36563	12195551
1147	El Kheiter	الخيثر	34.14898	0.06759	
1146	El Bnoud	البنود	32.30762	0.24359	
1145	Labiodh Sidi Cheikh	الأبيض سيدي الشيخ	32.89300	0.54839	2498775
1144	El Bayadh	البيض	33.68318	1.01927	2498543
1143	Chellala	شلالة	33.03390	0.05611	2501527
1142	Cheguig	الشقيق	34.08570	1.14848	
1141	Brezina	بريزينة	33.09892	1.26082	2502034
1140	Boussemghoun	بوسمغون	32.86427	0.02012	2502296
1139	Bougtoub	بوقطب	34.04052	0.08707	
1138	Boualem	بوعلام	33.72903	1.53477	2503514
1137	Arbaouat	اربوات	33.08805	0.58035	2506628
1136	Ain El Orak	عين العراك	33.41015	0.73854	2508126
1135	Tafraoui	طفراوي	35.48542	-0.52728	2478803
1134	Sidi Chami	سيدي الشحمي	35.65903	-0.52168	2480618
1133	Sidi Ben Yebka	سيدي بن يبقى	35.82972	-0.39222	2480888
1132	Oued Tlelat	وادي تليلات	35.55120	-0.45141	2485559
1131	Oran	وهران	35.66667	-0.50000	2485920
1130	Messerghin	مسرغين	35.61799	-0.73436	
1129	Mers El Kebir	المرسى الكبير	35.72790	-0.70810	2487852
1128	Marsat El Hadjadj	مرسى الحجاج	35.79787	-0.16432	2487853
1127	Hassi Mefsoukh	حاسي مفسوخ	35.78611	-0.32889	2494032
1126	Hassi Bounif	حاسي بونيف	35.69222	-0.49944	2494065
1125	Hassi Ben Okba	حاسي بن عقبة	35.72964	-0.46716	2494069
1124	Gdyel	قديل	35.78111	-0.42581	2496059
1123	Es Senia	السانية	35.64779	-0.62397	2497060
1122	El Kerma	الكرمة	35.60879	-0.57389	2497931
1121	El Braya	البراية	35.62944	-0.51861	2498447
1120	El Ancor	العنصر	35.68765	-0.86966	2498697
1119	Boutlelis	بوتليليس	35.57272	-0.89960	2502239
1118	Bousfer	بوسفر	35.70167	-0.81239	2502328
1117	Boufatis	بوفاتيس	35.67972	-0.41196	2503175
1116	Bir El Djir	بئر الجير	35.72000	-0.54500	2503874
1115	Bethioua	بطيوة	35.80730	-0.27025	
1114	Ben Freha	بن فريحة	35.69337	-0.41847	2504823
1113	Arzew	أرزيو	35.85048	-0.31800	2506385
1112	Ain Turk	عين الترك	35.74381	-0.76930	2508119
1111	Ain Kerma	عين الكرمة	35.60879	-0.57389	2497931
1110	Ain Biya	عين البية	35.81320	-0.28565	
1109	Zaouia El Abidia	الزاوية العابدية	33.13287	6.08235	
1108	Touggourt	تقرت	33.10527	6.05796	2475475
1107	Temacine	تماسين	33.01974	6.00830	2477215
1106	Tebesbest	تبسبست	33.11667	6.08333	2477462
1105	Taibet	الطيبات	33.08515	6.38910	2478509
1104	Sidi Slimane	سيدي سليمان	33.28889	6.08306	2479799
1103	Sidi Khouiled	سيدي خويلد	31.97869	5.41904	
1102	Rouissat	الرويسات	31.92427	5.35018	2482886
1101	Ouargla	ورقلة	31.94932	5.32502	2485801
1100	N'goussa	انقوسة	32.14021	5.30961	2486174
1099	Nezla	النزلة	33.09393	6.06761	
1098	M'naguer	المنقر	33.11028	6.40028	2487311
1097	Megarine	المقارين	33.19195	6.08695	2488716
1096	Hassi Messaoud	حاسي مسعود	31.68041	6.07286	2494029
1095	Hassi Ben Abdellah	حاسي بن عبد الله	31.95220	5.46840	
1094	El-Hadjira	الحجيرة	32.61336	5.51259	2498172
1093	El Borma	البرمة	31.59489	9.16352	
1092	El Alia	العالية	32.62550	5.42450	
1091	Blidet Amor	بلدة اعمر	32.94305	5.97280	2503763
1090	Benaceur	بن ناصر	33.11052	6.44211	
1089	Ain Beida	عين البيضاء	35.79639	7.39278	2508287
1088	Zelamta	زلامطة	35.29239	0.47593	2474673
1087	Zahana	زهانة	35.51948	-0.40853	2474957
1086	Tizi	تيزي	35.31603	0.07236	2475785
1085	Tighennif	تيغنيف	35.41667	0.25000	2476699
1084	Sig	سيق	35.52832	-0.19369	2479609
1083	Sidi Kada	سيدي قادة	35.33078	0.34182	2480389
1082	Sidi Boussaid	سيدي بوسعيد	35.29060	0.29711	
1081	Sidi Abdelmoumene	سيدي عبد المومن	35.58140	0.01370	
1080	Sidi Abdeldjebar	سيدي عبد الجبار	35.46331	0.51861	
1079	Sehailia	السهايلية	35.38460	0.39550	
1078	Sedjerara	سجرارة	35.66367	0.35428	2499234
1077	Ras El Ain Amirouche	رأس عين عميروش	35.59219	-0.21247	
1076	Oued Taria	وادي التاغية	35.11582	0.08786	2485562
1075	Oued El Abtal	وادي الأبطال	35.45595	0.68778	2485636
1074	Oggaz	عقاز	35.56276	-0.25967	2485988
1073	Nesmot	نسمط	35.25477	0.37935	2486225
1072	Mohammadia	المحمدية	35.58861	0.06861	2487293
1071	Mocta-Douz	مقطع الدوز	35.60432	-0.04694	2487306
1070	Matemore	المطمور	35.32539	0.21269	2490057
1069	Mascara	معسكر	35.39664	0.14027	2490098
1068	Maoussa	ماوسة	35.37977	0.24633	2490167
1067	Makhda	ماقضة	35.17256	0.29643	2485365
1066	Khalouia	خلوية	35.46298	0.29762	2492130
1065	Hacine	حسين	35.45905	-0.00567	2495159
1064	Guerdjoum	قرجوم	35.17427	0.07441	2499318
1063	Ghriss	غريس	35.24797	0.16043	2496036
1062	Gharrous	غروس	35.12626	0.44602	2576590
1061	Froha	فروحة	35.30339	0.12737	2496210
1060	Ferraguig	فراقيق	35.53306	0.15556	2577416
1059	El Menaouer	المنور	35.46960	0.37080	
1058	El Mamounia	المأمونية	35.42525	0.14030	2490224
1057	El Keurt	القرط	35.38107	0.09130	2497927
1056	El Hachem	الحشم	35.37398	0.49029	2498203
1055	El Gueitena	القطنة	35.33750	-0.04940	
1054	El Ghomri	الغمري	35.68688	0.20724	2498314
1053	El Gaada	القعدة	35.42662	-0.31292	
1052	El Bordj	البرج	35.51512	0.30064	2498474
1051	Chorfa	الشرفاء	35.38694	-0.27695	
1050	Bouhanifia	بوحنيفية	35.31473	-0.05037	2503033
1049	Bou Henni	بوهني	36.07146	1.31628	2502997
1048	Benian	بنيان	35.09972	0.22967	2504735
1047	Aouf	عوف	35.09824	0.35601	2506856
1046	Alaimia	العلايمية	35.67395	-0.22054	
1045	Ain Frass	عين أفرص	35.13560	-0.15660	
1044	Ain Ferah	عين فراح	35.38241	0.78304	
1043	Ain Fekan	عين فكان	35.23278	0.00056	2593161
1042	Ain Fares	عين فارس	35.48047	0.24539	2508099
1041	Zarzour	زرزور	35.01430	4.83400	
1040	Tarmount	تارمونت	35.82083	4.28750	2477715
1039	Tamsa	تامسة	35.17337	3.92761	
1038	Souamaa	السوامع	35.51682	4.75081	
1037	Slim	سليم	34.89195	3.73357	2479511
1036	Sidi M'hamed	سيدي امحمد	34.86712	4.25601	
1035	Sidi Hadjeres	سيدي هجرس	35.59234	4.71693	2489095
1034	Sidi Ameur	سيدي عامر	35.30000	3.91667	2481072
1033	Sidi Aissa	سيدي عيسى	35.30000	3.91667	2481072
1032	Oulteme	ولتام	35.11743	4.37587	
1031	Ouled Slimane	أولاد سليمان	34.92704	4.85697	
1030	Ouled Sidi Brahim	أولاد سيدي ابراهيم	35.30000	4.16667	2484794
1029	Ouled Mansour	أولاد منصور	35.72912	4.39637	
1028	Ouled Madhi	أولاد ماضي	35.49018	4.60418	
1027	Ouled Derradj	أولاد دراج	35.68333	4.76667	2484934
1026	Ouled Addi Guebala	أولاد عدي لقبالة	35.66667	4.86667	2485051
1025	Ouanougha	ونوغة	35.96823	4.15993	
1024	M'tarfa	المطارفة	35.69760	4.61869	
1023	M'sila	المسيلة	35.70889	4.53722	2486690
1022	Mohamed Boudiaf	محمد بوضياف	35.72834	4.54425	
1021	Menaa	مناعة	35.17769	6.00422	2488193
1020	Medjedel	امجدل	35.14415	3.68361	2488780
1019	M'cif	مسيف	35.31667	4.80000	2489937
1018	Magra	مقرة	35.61320	5.08519	2490572
1017	Maarif	معاريف	35.34430	4.34510	
1016	Maadid	المعاضيد	35.81667	4.80000	2490716
1015	Khoubana	خبانة	35.33937	4.56847	
1014	Khettouti Sed-El-Jir	خطوطي سد الجير	35.63047	4.17750	
1013	Hammam Dalaa	حمام الضلعة	35.92613	4.37471	2494551
1012	El Houamed	الحوامد	35.16724	4.55961	
1011	El Hamel	الهامل	35.12828	4.07980	2498125
1010	Djebel Messaad	جبل مساعد	35.03333	4.25000	2500194
1009	Dehahna	دهاهنة	35.73249	5.01093	
1008	Chellal	شلال	35.51768	4.38530	2501529
1007	Bouti Sayeh	بوطي السايح	35.64113	3.69306	
1006	Bou Saada	بوسعادة	35.20855	4.17402	2502385
1005	Bir Foda	بئر فضة	34.74840	3.76010	
1004	Berhoum	برهوم	35.65455	5.03386	2504175
1003	Benzouh	بن زوه	35.42084	4.02034	2504257
1002	Beni Ilmane	بني يلمان	35.94836	4.11976	
1001	Ben Srour	بن سرور	35.03778	4.56333	2504359
1000	Belaiba	بلعايبة	35.52555	5.15572	2505278
999	Ain Rich	عين الريش	34.67896	4.09567	
998	Ain Khadra	عين الخضراء	35.52763	4.96153	2508046
997	Ain Fares	عين فارس	35.48047	0.24539	2508099
996	Ain El Melh	عين الملح	34.84146	4.16383	2508130
995	Ain El Hadjel	عين الحجل	35.67003	3.88153	2508157
994	Touahria	الطواهرية	35.81034	0.21026	2503794
993	Tazgait	تزقايت	36.12739	0.54399	
992	Stidia	ستيدية	35.83099	-0.00266	2479092
991	Sour	سور	35.99930	0.33981	2479168
990	Souaflia	السوافلية	35.85312	0.32540	7415459
989	Sirat	سيرات	35.78036	0.19046	2479565
988	Sidi-Lakhdar	سيدي لخضر	36.16515	0.44109	2480310
987	Sidi Belaattar	سيدي بلعطار	35.95580	0.26920	
986	Sidi Ali	سيدي علي	36.09732	0.42222	2481196
985	Sayada	صيادة	35.95203	0.12949	2482347
984	Safsaf	صفصاف	35.84512	0.37908	7415448
983	Ouled-Maalah	أولاد مع الله	36.08333	0.66667	2484862
982	Ouled Boughalem	أولاد بوغالم	36.31985	0.67063	
981	Oued El Kheir	وادي الخير	35.95100	0.38039	2485626
980	Nekmaria	نكمارية	36.25396	0.57420	2492205
979	Mostaganem	مستغانم	35.93115	0.08918	2487134
978	Mesra	ماسرة	35.83796	0.16838	2487786
977	Mazagran	مزغران	35.89640	0.07119	2490006
976	Mansourah	منصورة	35.84300	0.23184	7391924
975	Kheir-Eddine	خير الدين	35.98112	0.16845	
974	Khadra	خضرة	36.25396	0.57420	2492205
973	Hassiane	الحسيان (بني ياحي	35.75305	0.12092	7392227
972	Hassi Mameche	حاسي ماماش	35.85000	0.06667	2494036
971	Hadjadj	حجاج	36.09556	0.32611	2495099
970	Fornaka	فرناقة	35.75243	-0.01565	2496368
969	Bouguirat	بوقيراط	35.75185	0.25262	2503088
968	Benabdelmalek Ramdane	بن عبد المالك رمضان	36.10436	0.27731	2509180
967	Ain-Tedles	عين تادلس	35.99825	0.29676	2507907
966	Ain-Sidi Cherif	عين سيدي الشريف	35.83417	0.12667	2507928
965	Ain-Nouissy	عين نويسي	35.80432	0.04529	2507986
964	Ain-Boudinar	عين بودينار	36.00856	0.18720	2508260
963	Achaacha	عشعاشة	36.25000	0.65000	2509015
962	Zoubiria	الزبيرية	36.06968	2.90107	2474233
961	Tletat Ed Douair	ثلاث دوائر	35.98045	2.96304	2475671
960	Tizi Mahdi	تيزي مهدي	36.13340	2.77680	
959	Tamesguida	تمسقيدة	36.32356	2.68858	2478120
958	Tafraout	تفراوت	35.97152	3.35195	11257290
957	Tablat	تابلاط	36.41282	3.31007	2478974
956	Souagui	السواقي	36.12458	3.26446	2479320
955	Sidi Ziane	سيدي زيان	36.03534	3.24998	
954	Sidi Zahar	سيدي زهار	36.06750	3.33165	8280691
953	Sidi Rabie	سيدي الربيع	36.27536	3.30694	
952	Sidi Naamane	سيدي نعمان	36.21472	3.12658	
951	Sidi Demed	سيدي دامد	35.87069	3.25478	
950	Si Mahdjoub	سي المحجوب	36.16125	2.72243	2479579
949	Seghouane	سغوان	36.00129	2.90429	2475670
948	Sedraya	سدراية	36.24427	3.52592	11204459
947	Saneg	السانق	35.84848	2.88825	2482399
946	Rebaia	الربعية	35.88710	2.89885	2483869
945	Ouzera	وزرة	36.25417	2.84722	2484242
944	Oum El Djellil	أم الجليل	35.82765	2.62391	
943	Ouled Hellal	أولاد هلال	35.96684	2.53182	
942	Ouled Emaaraf	أولاد امعرف	35.80220	3.01030	
941	Ouled Deid	أولاد دايد	36.11214	3.01428	
940	Ouled Brahim	أولاد إبراهيم	36.33910	2.71518	2484953
939	Ouled Bouachra	أولاد بوعشرة	36.10173	2.71205	7442758
938	Ouled Antar	أولاد عنتر	35.94618	2.60099	
937	Oued Harbil	وادي حربيل	36.22680	2.63279	
936	Ouamri	عوامري	36.23196	2.56370	2485845
935	Mihoub	ميهوب	36.35150	3.47548	
934	M'fatha	مفاتحة	35.88335	2.93637	
933	Mezerana	مزغنة	36.36028	3.35895	
932	Medjebar	مجبر	35.95200	2.82221	
931	Medea	المدية	36.26417	2.75393	2488835
930	Maghraoua	مغراوة	36.35138	3.53459	
929	Ksar El Boukhari	قصر البخاري	35.88889	2.74905	2491323
928	Khams Djouamaa	خمس جوامع	36.15826	3.14052	
927	Kef Lakhdar	الكاف الاخضر	35.92822	3.29282	
926	Hannacha	حناشة	36.19136	2.56887	7441766
925	El Ouinet	العوينات	35.89329	3.03587	
924	El Omaria	العمارية	36.26458	3.03083	2497433
923	El Haoudane	الحوضان	36.39920	3.29860	
922	El Hamdania	الحمدانية	36.45000	2.73333	2498130
921	El Guelbelkebir	القلب الكبير	36.25564	3.41685	
920	El Azizia	العزيزية	36.28656	3.49412	2490859
919	Draa Esmar	ذراع السمار	36.27354	2.71695	2499095
918	Djouab	جواب	36.13821	3.42701	2486508
917	Derrag	دراق	35.90861	2.38778	2500506
916	Cheniguel	شنيقل	35.92343	3.56685	
915	Chelalet El Adhaoura	شلالة العذاورة	35.93968	3.41588	2501525
914	Chabounia	الشهبونية	35.54472	2.60333	2501828
913	Bouskene	بوسكن	36.19049	3.22865	2502317
912	Boughzoul	بوغزول	35.70558	2.84599	2503086
911	Bouchrahil	بوشراحيل	36.25314	3.15580	
910	Bouaichoune	بوعيشون	36.14653	2.66133	
909	Bouaiche	بوعيش	35.55267	2.35868	7438056
908	Boghar	بوغار	35.91139	2.71667	2503756
907	Bir Ben Laabed	بئر بن عابد	36.18923	3.42111	8281418
906	Berrouaghia	البرواقية	36.13516	2.91085	2504099
905	Beni Slimane	بني سليمان	36.34889	2.75472	2504564
904	Ben Chicao	بن شكاو	36.19962	2.84865	2504915
903	Baata	بعطة	36.34584	3.11022	
902	Aziz	عزيز	35.82331	2.45154	2482183
901	Aissaouia	العيساوية	36.33333	3.21667	2507806
900	Ain Ouksir	عين اقصير	35.78220	3.47170	
899	Ain Boucif	عين بوسيف	35.89123	3.15850	2508262
898	Zighoud Youcef	زيغود يوسف	36.53307	6.71237	2474399
897	Ouled Rahmoun	أولاد رحمون	36.18392	6.70418	2484824
896	Messaoud Boudjeriou	بوجريو مسعود	36.42554	6.47226	
895	Ibn Ziad	ابن زياد	36.40471	6.43962	
894	Hamma Bouziane	حامة بوزيان	36.41205	6.59603	2494610
893	El Khroub	الخروب	36.26333	6.69361	2497849
892	Didouche Mourad	ديدوش مراد	36.45250	6.63639	2500401
891	Constantine	قسنطينة	36.36500	6.61472	2501152
890	Beni Hamidane	بني حميدان	36.50699	6.54890	
889	Ben Badis	أبن باديس الهرية	36.31663	6.83498	
888	Ain Smara	عين السمارة	36.26740	6.50135	2507926
887	Ain Abid	عين عبيد	36.23194	6.94333	2508309
886	Tamlouka	تاملوكة	36.15841	7.14154	2478081
885	Sellaoua Announa	سلاوة عنونة	36.35000	7.28333	2481909
884	Roknia	الركنية	36.54857	7.22861	2482965
883	Ras El Agba	رأس العقبة	36.36854	7.19864	
882	Oued Zenati	وادي الزناتي	36.31611	7.16364	2485551
881	Oued Ferragha	وادي فراغة	36.55657	7.71481	
880	Oued Cheham	وادي الشحم	36.37972	7.76278	2485653
879	Houari Boumedienne	هواري بومدين	36.41550	7.28708	
878	Medjez Sfa	مجاز الصفاء	36.43337	7.78305	2488771
877	Medjez Amar	مجاز عمار	36.44545	7.31268	
876	Khezaras	لخزارة	36.36667	7.51667	2491752
875	Nechmaya	نشماية	36.54270	7.51460	
874	Heliopolis	هيليوبوليس	36.50361	7.44278	2493956
873	Hammam N'bail	حمام النبايل	36.32552	7.64033	
872	Hammam Debagh	حمام دباغ	36.46027	7.26769	
871	Guelma	قالمة	36.46214	7.42608	2495662
870	Guelaat Bou Sbaa	قلعة بوصبع	36.54565	7.47333	2495708
869	El Fedjoudj	الفجوج	36.50482	7.39940	2498377
868	Djeballah Khemissi	جبالة الخميسي	36.39480	7.56960	
867	Dahouara	الدهوارة	36.35144	7.73312	
866	Boumahra Ahmed	بومهرة أحمد	36.45833	7.51389	2502686
865	Bouchegouf	بوشقوف	36.47167	7.72972	2503364
864	Bouati Mahmoud	بوعاتي محمود	36.59083	7.32694	2503443
863	Bou Hamdane	بوحمدان	36.45000	7.11667	2503048
862	Bou Hachana	بوحشانة	36.29841	7.47373	
861	Bordj Sabath	برج صباط	36.40184	7.04560	
860	Beni Mezline	بني مزلين	36.48043	7.60412	
859	Bendjarah	بن جراح	36.39701	7.35854	
858	Belkheir	بلخير	36.46182	7.47508	2505134
857	Ain Sandel	عين صندل	36.24323	7.51370	2489791
856	Ain Regada	عين رقادة	36.25944	7.07389	2507965
855	Ain Makhlouf	عين مخلوف	36.24472	7.25056	2508020
854	Ain Larbi	عين العربي	36.26667	7.40000	2508032
853	Ain Ben Beida	عين بن بيضاء	36.61667	7.70000	2508277
852	Treat	التريعات	36.93319	7.40311	
851	Sidi Amar	سيدي عمار	36.82141	7.72062	
850	Seraidi	سرايدي	36.91129	7.67718	2481784
849	Oued El Aneb	واد العنب	36.88071	7.48972	2485631
848	El Hadjar	الحجار	36.80377	7.73684	2498183
847	El Eulma	العلمة	36.15281	5.69016	2498392
846	El Bouni	البوني	36.84090	7.74743	
845	Cheurfa	الشرفة	36.72215	7.57320	
844	Chetaibi	شطايبي	37.06611	7.38028	2501371
843	Berrahal	برحال	36.83528	7.45333	2504136
842	Annaba	عنابة	36.90000	7.76667	2506999
841	Ain El Berda	عين الباردة	36.69737	7.51729	
840	Zerouala	زروالة	35.24233	-0.52175	2474485
839	Tilmouni	تلموني	35.17490	-0.54778	
838	Tessala	تسالة	35.24356	-0.77251	2476982
837	Tenira	تنيرة	35.02067	-0.52897	2570471
836	Telagh	تلاغ	34.78270	-0.57218	2477277
835	Teghalimet	تغاليمت	34.88736	-0.54864	2477357
834	Tefessour	تفسور	34.69824	-0.23680	
833	Taoudmout	تاودموت	34.61119	-0.11783	
832	Tabia	طابية	35.01868	-0.73447	2478984
831	Sidi Yacoub	سيدي يعقوب	35.13663	-0.78563	2479683
830	Sidi Lahcene	سيدي لحسن	35.16359	-0.69592	2480312
829	Sidi Khaled	سيدي خالد	35.11349	-0.71969	2480367
828	Sidi Hamadouche	سيدي حمادوش	35.29924	-0.54844	2480420
827	Sidi Dahou Zairs	سيدي دحو الزاير	35.12887	-0.91862	
826	Sidi Chaib	سيدي شعيب	34.56884	-0.54339	
825	Sidi Brahim	سيدي ابراهيم	35.25882	-0.56523	2480743
824	Sidi Bel-Abbes	سيدي بلعباس	35.18994	-0.63085	2481007
823	Sidi Ali Boussidi	سيدي علي بوسيدي	35.10280	-0.83034	2481125
822	Sidi Ali Benyoub	سيدي علي بن يوب	34.94704	-0.71937	2481136
821	Sfisef	سفيزف	35.23554	-0.24266	
820	Sehala Thaoura	السهالة الثورة	35.13110	-0.83220	
819	Redjem Demouche	رجم دموش	34.42711	-0.80977	
818	Ras El Ma	راس الماء	34.49791	-0.81880	2483952
817	Oued Taourira	وادي تاوريرة	34.70000	-0.38333	2485563
816	Oued Sefioun	وادي سفيون	35.06672	-0.35741	
815	Oued Sebaa	وادي السبع	34.52813	-0.71079	
814	Moulay Slissen	مولاي سليسن	34.82220	-0.76062	2486936
813	Mostefa  Ben Brahim	مصطفى بن ابراهيم	35.18333	-0.35000	2487128
812	Mezaourou	مزاورو	34.81822	-0.62376	2487576
811	Merine	مرين	34.78009	-0.45221	2487912
810	M'cid	مسيد	35.13889	-0.24608	
809	Marhoum	مرحوم	34.44675	-0.19465	2490138
808	Makedra	مكدرة	35.37110	-0.43120	
807	Lamtar	لمطار	35.07104	-0.79851	2491068
806	Hassi Zahana	حاسي زهانة	35.02569	-0.88899	
805	Hassi Dahou	حاسي دحو	35.10809	-0.54666	
804	El Hacaiba	الحصيبة	34.70083	-0.76046	2498207
803	Dhaya	الضاية	34.67585	-0.62020	2500482
802	Chetouane Belaila	شيطوان البلايلة	34.95053	-0.83675	2501361
801	Boukhanefis	بوخنفيس	35.05259	-0.71374	2502862
800	Boudjebaa El Bordj	بوجبهة البرج	35.34988	-0.33241	2503265
799	Bir El Hammam	بئر الحمام	34.41917	-0.49895	2498109
798	Benachiba Chelia	بن عشيبة شلية	34.89270	-0.56300	
797	Ben Badis	بن باديس	34.95234	-0.91609	2504950
796	Belarbi	بلعربي	35.15257	-0.45717	2505258
795	Bedrabine El Mokrani	بضرابين المقراني	34.93770	-0.85140	
794	Amarnas	العمارنة	35.09924	-0.61151	
793	Ain- Adden	عين أدن	35.25910	-0.26090	
792	Ain Tindamine	عين تندمين	34.68972	-0.71972	2507894
791	Ain Thrid	عين الثريد	35.29283	-0.67477	
790	Ain Kada	عين قادة	35.13696	-0.85525	
789	Ain El Berd	عين البرد	35.36395	-0.51279	2508180
788	Zitouna	الزيتونة	36.98889	6.45923	
787	Zerdezas	زردازة	36.59763	6.89774	
786	Tamalous	تمالوس	36.83763	6.64018	2478226
785	Skikda	سكيكدة	36.87617	6.90921	2479536
784	Sidi Mezghiche	سيدي مزغيش	36.67943	6.72075	2480172
783	Salah Bouchaour	صالح بو الشعور	36.70389	6.85667	2482445
782	Ramdane Djamel	رمضان جمال	36.75528	6.89318	
781	Oum Toub	أم الطوب	36.68896	6.57586	
780	Ouled Habbaba	أولاد حبابة	36.50372	6.95834	
779	Ouled Attia	أولاد عطية	35.52801	2.16067	2485007
778	Ouldja Boulbalout	الولجة بولبلوط	36.71690	6.37210	
777	Oued Zhour	وادي الزهور	36.92675	6.31589	
776	Khenag Maoune	خناق مايو	36.93890	6.28420	
775	Kerkara	الكركرة	36.93044	6.58422	
774	Kanoua	قنواع	37.05000	6.40000	2492752
773	Hammadi Krouma	حمادي كرومة	36.83736	6.89262	2494605
772	Filfila	فلفلة	36.89765	7.05482	
771	Es Sebt	السبت	36.66380	7.07759	2497078
770	Emjez Edchich	مجاز الدشيش	36.70434	6.80594	2497298
769	El Marsa	المرسى	37.03108	7.25669	
768	El Hadaiek	الحدائق	36.82523	6.88903	
767	El Ghedir	الغدير	36.68718	6.97713	
766	El Arrouch	الحروش	36.65306	6.83639	2498614
765	Djendel Saadi Mohamed	جندل سعدي محمد	36.78043	7.17092	2499851
764	Collo	القل	37.00717	6.56099	2501162
763	Cheraia	الشرايع	37.00174	6.51359	2501446
762	Bouchetata	بوشطاطة	36.79380	6.79734	2503319
761	Bin El Ouiden	بين الويدان	36.80786	6.56571	2489715
760	Beni Zid	بني زيد	36.81756	6.50052	2491266
759	Beni Oulbane	بني ولبان	36.62694	6.63889	11204408
758	Beni Bechir	بني بشير	36.78333	6.93333	2504723
757	Ben Azzouz	بن عزوز	36.98333	7.26667	2504953
756	Bekkouche Lakhdar	بكوش لخضر	36.69861	7.30667	2505304
755	Azzaba	عزابة	36.73944	7.10528	2505915
754	Ain Zouit	عين زويت	36.88923	6.78612	
753	Ain Kechra	عين قشرة	36.74831	6.43226	2508062
752	Ain Charchar	عين شرشار	36.73139	7.21750	2508249
751	Ain Bouziane	عين بوزيان	36.59838	6.75080	2508255
750	Youb	يوب	34.92186	-0.20955	2475006
749	Tircine	تيرسين	35.01936	0.02775	2576966
748	Sidi Boubekeur	سيدي بوبكر	35.03007	0.05865	2480852
747	Sidi Amar	سيدي عمر	35.02392	0.10809	2481097
746	Sidi Ahmed	سيدي احمد	35.07284	0.01152	2577003
745	Saida	سعيدة	34.83033	0.15171	2482572
744	Ouled Khaled	أولاد خالد	34.93271	0.17916	2484874
743	Ouled Brahim	أولاد إبراهيم	34.98333	0.46667	2484950
742	Moulay Larbi	مولاي العربي	34.64919	0.01586	2486942
741	Maamora	المعمورة	34.68092	0.49997	
740	Hounet	هونت	35.11827	-0.14877	
739	El Hassasna	الحساسنة	34.83333	0.33333	2498043
738	Doui Thabet	دوي ثابت	34.89346	-0.07522	
737	Ain Soltane	عين السلطان	34.98017	0.32355	
736	Ain Sekhouna	عين السخونة	34.43410	0.84870	
735	Ain El Hadjar	عين الحجر	36.33889	3.80733	2508160
734	Tizi N'bechar	تيزي نبشار	36.43032	5.35834	2475758
733	Tella	التلة	36.00827	5.71889	
732	Taya	الطاية	36.46451	7.11180	2477599
731	Tala-Ifacene	تالة إيفاسن	36.36667	5.01667	2478343
730	Tachouda	تاشودة	36.26146	5.71471	
729	Setif	سطيف	36.19112	5.41373	2481700
728	Serdj-El-Ghoul	سرج الغول	36.47784	5.58048	
727	Salah Bey	صالح باي	35.85451	5.29053	2482447
726	Rosfa	الرصفة	35.80999	5.26619	
725	Ouled Tebben	أولاد تبان	35.81702	5.34340	2489375
724	Ouled Si Ahmed	أولاد سي أحمد	35.96282	5.39306	2488883
723	Ouled Sabor	أولاد صابر	36.16561	5.53676	11205058
722	Ouled Addouane	أولاد عدوان	36.33759	5.43748	
721	Oued El Bared	واد البارد	36.49875	5.40623	
720	Mezloug	مزلوق	36.10917	5.33889	2487538
719	Maouaklane	ماوكلان	36.39676	5.07519	2490171
718	Maaouia	معاوية	36.37503	5.71182	
717	Kasr El Abtal	قصر الابطال	35.97370	5.28905	
716	Harbil	حربيل	36.34734	4.92520	
715	Hammam Guergour	حمام قرقور	36.32189	5.05651	2494545
714	Hamma	الحامة	35.70370	5.38417	2498116
713	Hamam Soukhna	حمام السخنة	35.97676	5.80839	
712	Guidjel	قجال	36.10000	5.48333	2495240
711	Guenzet	قنزات	36.31992	4.83718	2495537
710	Guelta Zerka	قلتة زرقاء	36.13790	5.68820	
709	Guellal	قلال	36.03528	5.33667	2495671
708	El-Ouldja	الولجة	36.08824	5.92220	
707	El Ouricia	أوريسيا	36.28373	5.40874	2497381
706	El Eulma	العلمة	36.15281	5.69016	2498392
705	Draa-Kebila	ذراع قبيلة	36.42231	4.99777	
704	Djemila	جميلة	36.31351	5.73631	2499912
703	Dehamcha	الدهامشة	36.38357	5.59250	
702	Boutaleb	بوطالب	35.70076	5.31655	2502280
701	Bousselam	بوسلام	36.49396	5.00759	
700	Bougaa	بوقاعة	36.33293	5.08843	2503156
699	Bouandas	بوعنداس	36.50459	5.10362	
698	Bir-El-Arch	بئر العرش	36.13083	5.83904	2503880
697	Bir Haddada	بئر حدادة	35.96333	5.43306	2503857
696	Beni-Mouhli	بني موحلي	36.51692	4.90658	
695	Beni-Aziz	بني عزيز	36.47680	5.65467	
694	Beni Oussine	بني وسين	36.20220	5.12790	
693	Beni Ourtilane	بني ورتيلان	36.43333	4.85000	2504592
692	Beni Fouda	بني فودة	36.28611	5.60722	2504695
691	Beni Chebana	بني شبانة	36.46843	4.86840	
690	Bellaa	بلاعة	36.20241	5.85372	2505112
689	Beidha Bordj	بيضاء برج	35.89177	5.66870	
688	Bazer-Sakra	بازر سكرة	36.11778	5.70972	2505549
687	Babor	بابور	36.48994	5.53930	6698360
686	Amoucha	عموشة	36.38735	5.41372	2507146
685	Ait-Tizi	ايت تيزي	36.53541	5.15665	
684	Ait Naoual Mezada	أيت نوال مزادة	36.53333	5.06299	2487584
683	Ain-Sebt	عين السبت	36.49495	5.71856	
682	Ain-Roua	عين الروى	36.33333	5.18333	2507954
681	Ain-Legradj	عين لقراج	36.41111	4.90331	
680	Ain Oulmene	عين ولمان	35.91667	5.30000	2507978
679	Ain Lahdjar	عين الحجر	35.93861	5.53917	2508206
678	Ain El Kebira	عين الكبيرة	36.36779	5.50462	2508144
677	Ain Azel	عين أزال	35.81846	5.51115	2508295
676	Ain Arnat	عين أرنات	36.18683	5.31347	2508297
675	Ain Abessa	عين عباسة	36.29837	5.29452	2508311
674	Ziama Mansouriah	زيامة منصورية	36.67215	5.48083	
673	Texenna	تاكسنة	36.66123	5.78876	2476947
672	Taher	الطاهير	36.76304	5.89788	2478554
671	Sidi Marouf	سيدي معروف	36.63333	6.21667	2480234
670	Sidi Abdelaziz	سيدي عبد العزيز	36.85000	6.05000	2481566
669	Settara	السطارة	36.71870	6.33613	2481689
668	Selma Benziada	سلمى بن زيادة	36.62717	5.64658	
667	Ouled Yahia Khadrouch	أولاد يحيى خدروش	36.69072	6.19014	
666	Ouled Rabah	أولاد رابح	36.27580	3.13091	2484827
665	Oudjana	وجانة	36.70732	5.89489	
664	Khiri Oued Adjoul	خيري واد عجول	36.78950	6.14140	
663	Kaous	قاوس	36.77175	5.81285	2492738
662	Jijel	جيجل	36.82100	5.76352	2492913
661	Ghebala	غبالة	36.62825	6.38822	
660	Erraguene Souissi	أراقن سويسي	36.58622	5.58089	2488010
659	Emir Abdelkader	الامير عبد القادر	36.75120	5.84237	2497299
658	El Milia	الميلية	36.75472	6.27250	2497509
657	El Kennar Nouchfi	القنار نشفي	36.82472	5.95907	
656	El Aouana	العوانة	36.77513	5.59993	2498680
655	El Ancer	العنصر	36.79885	6.15721	2498699
654	Djimla	جيملة	36.58333	5.86667	2499687
653	Djemaa Beni Habibi	الجمعة بني حبيبي	36.81067	6.12632	
652	Chekfa	الشقفة	36.77230	5.95728	2501547
651	Chahna	الشحنة	36.67937	5.95720	
650	Boussif Ouled Askeur	بوسيف أولاد عسكر	36.66360	6.01775	
649	Bouraoui Belhadef	بوراوي بلهادف	36.69929	6.10313	
648	Boudria Beniyadjis	بودريعة بني  ياجيس	36.52950	5.80630	
647	Bordj T'har	برج الطهر	36.74830	6.05128	
646	Zaccar	زكار	34.43257	3.32752	
645	Zaafrane	زعفران	34.85025	2.85496	
644	Taadmit	تعظميت	34.21410	2.98830	
643	Sidi Laadjel	سيدي لعجال	35.43813	2.51577	
642	Sidi Baizid	سيدي بايزيد	35.74818	2.38144	7428892
641	Selmana	سلمانة	34.17191	3.59976	2481902
640	Sed Rahal	سد الرحال	33.87730	3.22450	
639	Oum Laadham	أم العظام	33.72002	4.53099	
638	Moudjebara	مجبارة	34.50334	3.46997	
637	M'liliha	مليليحة	34.67840	3.48270	
636	Messaad	مسعد	34.15429	3.50309	2487772
635	Hassi Fedoul	حاسي فدول	35.43778	2.21177	7447016
634	Hassi El Euch	حاسي العش	35.15269	3.24846	
633	Hassi Bahbah	حاسي بحبح	35.07109	3.02990	2494073
632	Had Sahary	حد الصحاري	35.35056	3.36528	2474593
631	Guettara	قطارة	33.16169	4.68480	
630	Guernini	قرنيني	35.19894	2.68151	7441590
629	Faidh El Botma	فيض البطمة	34.50000	3.76667	2496643
628	El Khemis	الخميس	35.28893	2.59561	
627	El Idrissia	الادريسية	34.44542	2.52749	2498000
626	El Guedid	القديد	34.66549	2.52978	
625	Douis	دويس	34.36608	2.70251	
624	Djelfa	الجلفة	34.67279	3.26300	2500017
623	Deldoul	دلدول	34.20537	3.25431	
622	Dar Chioukh	دار الشيوخ	34.89638	3.48543	2500904
621	Charef	الشارف	34.62098	2.79503	2501767
620	Bouira Lahdab	بويرة الأحداب	35.24375	3.14397	
619	Birine	بيرين	35.63500	3.22500	2503852
618	Benyagoub	بن يعقوب	34.39560	2.78500	
617	Benhar	بنهار	35.48491	3.00944	
616	Amourah	عمورة	34.34478	3.87148	2507129
615	Ain Oussera	عين وسارة	35.45139	2.90583	2507972
614	Ain Maabed	عين معبد	34.80421	3.13004	
613	Ain Fekka	عين فقه	35.52811	3.50757	
612	Ain El Ibel	عين الإبل	34.35506	3.22383	
611	Ain Chouhada	عين الشهداء	34.24109	2.52220	
610	Zeralda	زرالدة	36.71169	2.84244	2474583
609	Tessala El Merdja	تسالة المرجة	36.63072	2.94552	
608	Staoueli	سطاوالي	36.75319	2.88783	2479099
607	Souidania	سويدانية	36.70828	2.91258	2479238
606	Sidi Moussa	سيدي موسى	36.60637	3.08783	2479966
605	Sidi M'hamed	سيدي امحمد	36.76442	3.04963	
604	Sehaoula	السحاولة	36.70456	3.02462	2482390
603	Rouiba	الرويبة	36.73829	3.28079	2482908
602	Reghaia	رغاية	36.73587	3.34018	2483757
601	Rais Hamidou	الرايس حميدو	36.81688	3.01270	2484187
600	Rahmania	الرحمانية	36.68025	2.90650	2484083
599	Ouled Fayet	اولاد فايت	36.73655	2.94981	2484894
598	Ouled Chebel	اولاد شبل	36.59944	2.99444	2484942
597	Oued Smar	وادي السمار	36.65344	3.14726	2485571
596	Oued Koriche	وادي قريش	36.78448	3.04119	11204463
595	Mohammadia	المحمدية	35.58861	0.06861	2487293
594	Mohamed Belouzdad	محمد بلوزداد	36.74424	3.07840	
593	Maalma	المعالمة	36.68237	2.87743	2490459
592	Les Eucalyptus	الكاليتوس	36.65671	3.14726	
591	Kouba	القبة	36.73244	3.08754	
590	Khraissia	الخرايسية	36.60670	2.98000	
589	Hydra	حيدرة	36.74743	3.04018	
588	Hussein Dey	حسين داي	36.74124	3.10133	
587	Herraoua	هراوة	36.77275	3.30850	
586	Hammamet	الحمامات	35.44862	7.95184	2494548
585	El Mouradia	المرادية	36.75023	3.04784	11983728
584	El Marsa	المرسى	36.81051	3.25460	2497697
583	El Magharia	المغارية	36.73133	3.10856	
582	El Madania	المدنية	36.74201	3.06657	
581	El Harrach	الحراش	36.86083	3.71500	2573669
580	El Biar	الابيار	36.76900	3.02995	
579	El Achour	العاشور	36.73194	2.99056	2498765
578	Draria	الدرارية	36.71225	2.99739	2499061
577	Douira	الدويرة	36.66686	2.92617	
576	Djasr Kasentina	جسر قسنطينة	36.69294	3.07131	
575	Dely Ibrahim	دالي ابراهيم	36.75197	2.98165	
574	Dar El Beida	الدار البيضاء	36.71333	3.21250	2500889
573	Cheraga	الشراقة	36.76775	2.95924	2501465
572	Casbah	القصبة	36.78468	3.05959	
571	Bouzareah	بوزريعة	36.79037	3.01662	
570	Bourouba	بوروبة	36.71467	3.10638	11203893
569	Bordj El Kiffan	برج الكيفان	36.74871	3.19249	2503661
568	Bordj El Bahri	برج البحري	36.79068	3.24952	2503669
567	Bologhine Ibnou Ziri	بولوغين بن زيري	36.73670	3.04320	
566	Bir Touta	بئر توتة	36.64499	2.99855	
565	Birkhadem	بئر خادم	36.71499	3.05002	2503847
564	Bir Mourad Rais	بئر مراد رايس	36.73941	3.05003	
563	Beni Messous	بني مسوس	36.77962	2.97539	
562	Ben Aknoun	ابن عكنون	36.76667	3.01667	2505015
561	Baraki	براقي	36.66655	3.09606	2505653
560	Bachedjerah	باش جراح	36.72303	3.11307	
559	Baba Hassen	بابا حسن	36.69556	2.97250	2505865
558	Bab Ezzouar	باب الزوار	36.72615	3.18291	2505854
557	Bab El Oued	باب الوادي	36.79067	3.04974	
556	Alger Centre	الجزائر الوسطى	36.76667	3.05000	11204220
555	Ain Taya	عين طاية	36.79333	3.28694	2507912
554	Ain Benian	عين بنيان	36.80277	2.92185	2508275
553	Zekri	زكري	36.78003	4.59183	2474681
552	Yatafene	يطــافن	36.48310	4.25720	
551	Yakourene	إعــكورن	36.73467	4.43961	
550	Tizi-Rached	تيزي راشد	36.67176	4.19176	2475740
549	Tizi-Ouzou	تيزي وزو	36.71182	4.04591	2475744
548	Tizi-Gheniff	تيزي غنيف	36.58839	3.77445	2475764
547	Tizi N'tleta	تيزي نثلاثة	36.54569	4.05712	2475752
546	Tirmitine	تيرمتين	36.66181	3.98478	11205204
545	Timizart	تيمـيزار	36.80000	4.26667	2476396
544	Tigzirt	تيقـزيرت	36.88856	4.11984	2476660
543	Tadmait	تادمايت	36.74413	3.90045	2478831
542	Souk-El-Tenine	سوق الإثنين	36.59508	4.00730	
541	Souama	صوامـــع	36.64169	4.34162	2479308
540	Sidi Namane	سيدي نعمان	36.75853	3.98233	2479930
539	Ouaguenoun	واقنون	36.76667	4.13333	2485872
538	Ouadhias	واضية	36.55611	4.08972	2485877
537	Ouacif	واسيف	36.53333	4.21667	2485882
536	M'kira	مكيرة	36.63157	3.78300	
535	Mizrana	ميزرانـــة	36.77630	4.09520	
534	Mekla	مقــلع	36.68178	4.26378	2488500
533	Mechtras	مشطراس	36.54350	3.99813	2488865
532	Makouda	ماكودة	36.78567	4.06273	2490297
531	Maatkas	معـــاتقة	36.58333	4.00000	2490681
530	Larbaa Nath Irathen	الأربعــاء ناث إيراثن	36.63112	4.19864	2491042
529	Irdjen	إيرجـــن	36.65000	4.16667	2493141
528	Imsouhal	إمســوحال	36.58028	4.39271	
527	Illoula Oumalou	إيلولة أومـــالو	36.58333	4.41667	2493454
526	Illilten	إيلـيــلتـن	36.43900	4.40550	
525	Iflissen	إفليـــسن	36.86667	4.25000	2493626
524	Ifigha	إيفيغاء	36.67111	4.41139	2493629
523	Iferhounene	إفــرحــونان	36.51667	4.38333	2493640
522	Idjeur	إيجــار	36.59790	4.51810	
521	Iboudrarene	إبودرارن	36.50931	4.25128	
520	Frikat	فريقات	36.51335	3.88566	
519	Freha	فريحة	36.75234	4.31550	2496241
518	Draa-El-Mizan	ذراع الميزان	36.53628	3.83340	2499104
517	Draa-Ben-Khedda	ذراع بن خدة	36.73436	3.96223	2499116
516	Bouzeguene	بوزقــن	36.61718	4.47869	10858671
515	Bounouh	بونوح	36.50000	3.93333	2502565
514	Boudjima	بوجيمة	36.80218	4.15187	2503237
513	Boghni	بوغني	36.54222	3.95306	2503755
512	Beni-Zikki	بني زيكــي	36.56585	4.50680	
511	Beni-Yenni	بني يني	36.58333	4.20000	2504542
510	Beni-Douala	بني دوالة	36.61954	4.08282	2504703
509	Beni-Aissi	بني عيسي	36.65770	4.08933	
508	Beni Zmenzer	بنــــي زمنزار	36.57800	4.04300	
507	Azeffoun	أزفون	36.89306	4.42000	2506034
506	Azazga	عزازقة	36.74472	4.37222	2506043
505	Assi-Youcef	أسي يوسف	36.50703	4.01425	
504	Akerrou	أقرو	36.66311	4.31367	2507622
503	Akbil	اقبيل	36.50453	4.27894	11204924
502	Ait-Yahia	أيت يحيى	36.58907	4.33505	9858858
501	Ait-Toudert	أيت تودرت	36.52031	4.18445	
500	Ait-Oumalou	أيت  أومالو	36.65517	4.22844	
499	Ait-Mahmoud	أيت محمود	36.61018	4.11951	
498	Ait-Chafaa	أيت شافع	36.81702	4.53358	2507764
497	Ait-Aissa-Mimoun	أيت عيسى ميمون	36.75065	4.11032	
496	Ait Yahia Moussa	أيت يحي موسى	36.58907	4.33505	9858858
495	Ait Khellili	أيت خليلي	36.67579	4.30882	
494	Ait Boumahdi	أيت بومهدي	36.49888	4.20200	
493	Ait Bouaddou	أيت بــوادو	36.57555	3.95533	2493117
492	Ait Aggouacha	أيت عقـواشة	36.61781	4.23249	
491	Ain-Zaouia	عين الزاوية	36.53489	3.88124	2507862
490	Ain-El-Hammam	عين الحمام	36.56471	4.30619	2508152
489	Agouni-Gueghrane	أقني قغران	36.51441	4.11349	
488	Aghribs	أغريب	36.80453	4.32309	
487	Abi-Youcef	أبي يوسف	36.53847	4.34386	
486	Zmalet El Emir Abdelkade	زمالة  الأمير عبد القادر	34.90000	2.35000	2474316
485	Tousnina	توسنينة	35.08333	1.23333	2475257
484	Tidda	تيدة	35.60252	1.27062	
483	Tiaret	تيارت	35.37103	1.31699	2476897
482	Takhemaret	تخمرت	35.10861	0.68380	2478666
481	Tagdempt	تاقدمت	35.33543	1.22727	2478707
480	Sougueur	السوقر	35.18568	1.49612	2479247
479	Sidi Hosni	سيدي حسني	35.47020	1.51988	2480395
478	Sidi Bakhti	سيدي بختي	35.23936	0.97780	2578561
477	Sidi Ali Mellal	سيدي علي ملال	35.56667	1.21667	2481110
476	Sidi Abderrahmane	سيدي عبد الرحمن	36.49341	1.09420	2479206
475	Si Abdelghani	سي عبد الغني	35.00000	1.96667	2481630
474	Serghine	سرغين	35.25434	2.48567	
473	Sebt	السبت	35.61923	1.35257	
472	Sebaine	السبعين	35.38680	1.60400	
471	Rechaiga	الرشايقة	35.40681	1.97386	2483827
470	Rahouia	الرحوية	35.53014	1.02165	2484078
469	Oued Lilli	وادي ليلي	35.50706	1.26739	
468	Naima	النعيمة	34.80708	1.70944	
467	Nadorah	الناظورة	35.21549	1.91279	
466	Mellakou	ملاكو	35.25276	1.23436	2488242
465	Meghila	مغيلة	34.83333	1.50000	2476895
464	Medroussa	مدروسة	35.17381	1.20554	2488736
463	Medrissa	مدريسة	34.89589	1.24065	2488742
462	Mechraa Safa	مشرع الصفا	35.38486	1.05443	
461	Mahdia	مهدية	35.43057	1.75495	
460	Madna	مادنة	34.74827	0.91198	
459	Ksar Chellala	قصر الشلالة	35.21222	2.31889	2491335
458	Hamadia	حمادية	35.45918	1.87316	2494743
457	Guertoufa	قرطوفة	35.39225	1.25561	2495407
456	Frenda	فرندة	35.06544	1.04945	2496232
455	Faidja	الفايجة	34.89273	1.96105	
454	Djillali Ben Amar	جيلالي بن عمار	35.44592	0.84991	
453	Djebilet Rosfa	جبيلات الرصفاء	34.86375	0.83496	7838650
452	Dahmouni	دحموني	35.41687	1.47541	2501089
451	Chehaima	شحيمة	34.54461	1.39079	
450	Bougara	بوقرة	36.54178	3.08100	2503147
449	Ain Kermes	عين كرمس	34.91022	1.10882	2508049
448	Ain El Hadid	عين الحديد	35.05783	0.88479	2508164
447	Ain Dzarit	عين دزاريت	35.35325	1.66740	2508213
446	Ain Deheb	عين الذهب	34.84218	1.54697	2508225
445	Ain Bouchekif	عين بوشقيف	35.35497	1.51064	
444	Zenata	زناتة	34.99042	-1.46374	2496919
443	Tlemcen	تلمسان	34.87833	-1.31500	2475687
442	Tianet	تيانت	35.05226	-1.83875	
441	Terny Beni Hediel	تيرني بني هديل	34.82848	-1.40087	
440	Souk Tleta	سوق الثلاثاء	35.02709	-1.99678	
439	Souani	السواني	34.92215	-1.91584	
438	Souahlia	السواحلية	35.03926	-1.89124	2479317
437	Sidi Medjahed	سيدي مجاهد	34.77582	-1.63527	2480213
436	Sidi Djillali	سيدي الجيلالي	34.44468	-1.56625	
435	Sidi Abdelli	سيدي العبدلي	35.06937	-1.13706	2481389
434	Sebdou	سبدو	34.63703	-1.33143	2482211
433	Sebbaa Chioukh	سبعة شيوخ	35.08620	-1.35680	
432	Sabra	صبرة	34.82738	-1.52826	2482736
431	Remchi	الرمشي	35.06196	-1.43362	2483649
430	Ouled Riyah	أولاد رياح	34.95166	-1.54411	
429	Ouled Mimoun	أولاد ميمون	34.90472	-1.03394	2484846
428	Oued Lakhdar	وادي الخضر	34.80480	-1.13160	
427	Nedroma	ندرومة	35.01361	-1.74799	2486284
426	M'sirda Fouaga	مسيردة الفواقة	35.01886	-2.08316	
425	Marsa Ben M'hidi	مرسى بن مهيدي	35.08180	-2.20440	
424	Mansourah	منصورة	34.82848	-1.40087	
423	Maghnia	مغنية	34.84969	-1.72753	2490584
422	Honnaine	هنين	35.15648	-1.67457	
421	Hennaya	الحناية	34.95139	-1.36806	2493918
420	Hammam Boughrara	حمام بوغرارة	34.89354	-1.63859	2494556
419	Ghazaouet	الغزوات	35.09579	-1.85772	2496042
418	Fellaoucene	فلاوسن	35.03499	-1.59913	
417	El Gor	القور	34.63797	-1.15296	2498302
416	El Fehoul	الفحول	35.11565	-1.29479	
415	Azail	العزايل	34.65422	-1.42283	
414	El Aricha	العريشة	34.22259	-1.25703	2498629
413	Djebala	جبالة	36.46667	7.56667	2500237
412	Dar Yaghmoracen	دار يغمراسن	35.10532	-1.77412	
411	Chetouane	شتوان	34.92129	-1.29512	2501362
410	Bouihi	البويهي	34.30263	-1.60212	
409	Bouhlou	بوحلو	36.43203	1.72549	2573250
408	Bensekrane	بن سكران	35.07465	-1.22431	2504385
407	Beni Snous	بني سنوس	34.66220	-1.53978	
406	Beni Smiel	بني صميل	34.78512	-1.09171	
405	Beni Ouarsous	بني وارسوس	35.11667	-1.58333	2504598
404	Beni Mester	بني مستر	34.87045	-1.42319	2504616
403	Beni Khellad	بني خلاد	35.18283	-1.58468	
402	Beni Boussaid	بني بوسعيد	34.64803	-1.75299	
401	Beni Bahdel	بني بهدل	34.70982	-1.51595	2504725
400	Bab El Assa	باب العسة	34.96683	-2.03070	2505860
399	Amieur	عمير	35.03516	-1.23900	
398	Ain Youcef	عين يوسف	35.04810	-1.37246	2507868
397	Ain Tellout	عين تالوت	34.92565	-0.95710	2507903
396	Ain Nehala	عين النحالة	34.95570	-0.93110	
395	Ain Kebira	عين الكبيرة	35.01129	-1.74541	
394	Ain Ghoraba	عين غرابة	34.82848	-1.40087	
393	Ain Fezza	عين فزة	34.87775	-1.23364	2508091
392	Ain Fetah	عين فتاح	34.96558	-1.63753	
391	Telidjen	ثليجان	34.83937	7.75212	
390	Tebessa	تبسة	35.40417	8.12417	2477461
389	Stah Guentis	سطح قنطيس	34.83359	7.49979	
388	Saf Saf El Ouesra	صفصاف الوسرى	34.88590	8.20680	
387	Oum Ali	أم علي	35.00982	8.30112	2484723
386	Ouenza	الونزة	35.95333	8.12917	2485540
385	Negrine	نقرين	34.48593	7.51865	2486265
384	Morsott	مرسط	35.66778	8.01167	2487144
383	Hammamet	الحمامات	35.44862	7.95184	2494548
382	Guorriguer	قريقر	35.35320	7.59430	
381	Ferkane	فركان	34.56233	7.40375	2496509
380	El-Houidjbet	الحويجبات	35.29305	8.28015	
379	El-Aouinet	العوينات	35.86691	7.88673	2498667
378	El Ogla El Malha	العقلة المالحة	35.13319	8.00665	
377	El Ogla	العقلة	35.18928	7.46762	2497437
376	El Mezeraa	المزرعة	35.06667	7.58333	2497521
375	El Meridj	المريج	35.79335	8.22889	2497559
374	El Malabiod	الماء الابيض	35.20000	8.16667	2497715
373	El Kouif	الكويف	35.50200	8.31943	2497825
372	Cheria	الشريعة	35.27306	7.75194	2501404
371	Boulhaf Dyr	بولحاف الدير	35.48916	8.07262	
370	Boukhadra	بوخضرة	35.74492	8.03393	2502875
369	Bir-El-Ater	بئر العاتر	34.74488	8.06024	2503878
368	Bir Mokkadem	بئر مقدم	35.37286	7.81093	
367	Bir Dheheb	بئر الذهب	35.52458	7.93951	
366	Bekkaria	بكارية	35.37361	8.24076	2505308
365	Bedjene	بجن	35.34933	7.47156	
364	Ain Zerga	عين الزرقاء	35.64849	8.26179	2507860
363	Tin Zouatine	تين زواتين	35.89189	0.25657	2580625
362	Tazrouk	تاظروك	23.41332	6.25943	2477518
361	Tamanrasset	تمنراست	22.78500	5.52278	2478216
360	Inghar	إينغر	27.02730	1.90340	
359	Idles	أدلس	23.82043	5.93577	
358	Foggaret Ezzoua	فقارة الزوى	27.36018	2.84631	2496381
357	Ain Salah	عين صالح	27.21667	2.46667	2493221
356	Ain Guezzam	عين قزام	19.57358	5.76801	2493273
355	Ain Amguel	عين امقل	23.69872	5.16191	2493326
354	Abelsa	ابلسة	22.88958	4.84699	
353	Z'barbar (El Isseri )	زبربر	36.47267	3.51391	
352	Ath Mansour	آث  منصور	36.32783	4.31726	
351	Taguedite	تاقديت	36.01922	3.98982	
350	Taghzout	تاغزوت	36.40763	3.95877	
349	Sour El Ghozlane	سور الغزلان	36.14766	3.69123	2479161
348	Souk El Khemis	سوق الخميس	36.39149	3.63322	2479198
347	Saharidj	سحاريج	36.32840	4.24900	
346	Ridane	ريدان	36.07382	3.46166	8281877
345	Raouraoua	روراوة	36.16670	3.64750	
344	Ouled Rached	أولاد راشد	36.21122	4.10992	2484826
343	Oued El Berdi	وادي البردي	36.28859	3.91807	
342	Mezdour	مزدور	36.07944	4.06826	
341	Maamora	المعمورة	36.03312	3.55147	
340	Maala	معلة	36.50000	3.58333	2490705
339	M Chedallah	أمشدالة	36.36552	4.27006	2489948
338	Lakhdaria	الأخضرية	36.56463	3.59330	2491134
337	Kadiria	قادرية	36.53444	3.68278	2492873
336	Hanif	حنيف	36.26640	4.26270	
335	Haizer	حيزر	36.41667	4.00000	2494853
334	Hadjera Zerga	الحجرة الزرقاء	35.94762	3.82253	
333	Guerrouma	قرومة	36.48333	3.43333	2495424
332	El-Mokrani	المقراني	42.68911	-8.48842	3119746
331	El-Hakimia	الحاكمية	36.09073	3.79364	
330	El Khabouzia	الخبوزية	36.30908	3.59717	
329	El Hachimia	الهاشمية	36.24071	3.83714	2498199
328	El Asnam	الأسنام	36.32127	4.01305	
327	El Adjiba	العجيبة	36.32746	4.15846	2498756
326	Djebahia	جباحية	36.47641	3.75877	2500240
325	Dirah	ديرة	36.00226	3.72152	
324	Dechmia	الدشمية	36.13048	3.57658	
323	Chorfa	شرفة	36.36505	4.32636	2501289
322	Boukram	بوكرم	36.47210	3.39750	
321	Bouira	البويرة	36.17283	5.47393	
320	Bouderbala	بودربالة	36.58082	3.51000	
319	Bordj Okhriss	برج أوخريص	36.08330	3.97381	2503635
318	Bir Ghbalou	بئر غبالو	36.26317	3.58523	2503861
317	Bechloul	بشلول	36.30964	4.07348	2505514
316	Aomar	أعمر	36.50100	3.77396	2506934
315	Ait Laaziz	أيت لعزيز	36.44456	3.88079	
314	Ain-Bessem	عين بسام	36.29291	3.67354	
313	Ain Turk	عين الترك	36.39321	3.82460	
312	Ain Laloui	عين العلوي	36.32056	3.74799	2508033
311	Ain El Hadjar	عين الحجر	36.33889	3.80733	2508160
310	Ahl El Ksar	أهل القصر	36.21667	4.11667	2508537
309	Aghbalou	أغبالو	36.42120	4.35470	11205098
308	Soumaa	الصومعة	36.51833	2.90528	2479183
307	Souhane	صوحان	36.50657	3.23764	
306	Ouled Yaich	أولاد يعيش	36.50393	2.86213	2485097
305	Ouled Slama	اولاد سلامة	36.01520	3.34302	8280769
304	Oued El Alleug	وادي العلايق	36.55528	2.79028	2485633
303	Oued  Djer	وادي جر	36.42685	2.56053	
302	Mouzaia	موزاية	36.46695	2.68991	2486825
301	Meftah	مفتاح	36.62040	3.22248	2488722
300	Larbaa	الأربعاء	36.56471	3.15434	2491050
299	Hammam Elouane	حمام ملوان	36.48679	3.04449	2494540
298	Guerrouaou	قرواو	36.52666	2.88444	2495418
297	El-Affroun	العفرون	36.47010	2.62528	2498752
296	Djebabra	جبابرة	36.11667	0.32278	2573880
295	Chrea	الشريعة	36.42912	2.88059	2501190
294	Chiffa	الشفة	36.46293	2.73873	2501323
293	Chebli	الشبلي	36.57722	3.00917	2501680
292	Bouinan	بوعينان	36.53167	2.99194	2502962
291	Bougara	بوقرة	36.54178	3.08100	2503147
290	Boufarik	بوفاريك	36.57413	2.91214	2503181
289	Bouarfa	بوعرفة	36.46298	2.81464	2503468
288	Blida	البليدة	36.47004	2.82770	2503769
287	Benkhelil	بن خليل	36.58820	2.83697	
286	Beni-Tamou	بني تامو	36.53833	2.82174	2504553
285	Beni Mered	بني مراد	36.52389	2.86131	2504622
284	Ain Romana	عين الرمانة	36.40624	2.69139	
283	Timoudi	تيمودي	29.32134	-1.12881	
282	Tamtert	تامترت	29.91347	-1.90000	2478052
281	Taghit	تاغيت	30.92008	-2.02975	2478694
280	Tabelbala	تبلبالة	29.41005	-3.25261	2479008
279	Ouled-Khodeir	أولاد خضير	29.25452	-1.05748	2485239
278	Mogheul	موغل	32.02335	-2.21825	
277	Meridja	المريجة	31.54884	-2.94498	2487926
276	Machraa-Houari-Boumediene	مشرع هواري بومدين	30.93206	-2.73758	
275	Lahmar	لحمر	35.86632	0.87902	2580524
274	Ksabi	القصابي	28.33195	-0.22434	2497812
273	Kerzaz	كرزاز	29.45057	-1.41850	2492273
272	Kenadsa	القنادسة	31.54861	-2.42694	2492427
271	Igli	إقلي	30.45216	-2.29188	2493602
270	Erg-Ferradj	عرق فراج	31.03573	-2.78967	
269	El Ouata	الواتة	29.86080	-1.84963	
268	Boukais	بوكايس	31.92065	-2.46379	2502920
267	Beni-Ounif	بني ونيف	32.04875	-1.24878	2504594
266	Beni-Ikhlef	بن يخلف	29.57488	-1.61300	2504665
265	Beni-Abbes	بني عباس	30.12667	-2.17128	2504755
264	Bechar	بشار	31.61667	-2.21667	2505530
263	Abadla	العبادلة	31.01900	-2.72387	2509271
262	Zeribet El Oued	زريبة الوادي	34.68284	6.51109	2474506
261	Tolga	طولقة	34.72224	5.37845	2475612
260	Sidi Okba	سيدي عقبة	34.74512	5.89833	2479916
259	Sidi Khaled	سيدي  خالد	34.38700	4.98785	2480368
258	Ras El Miad	رأس الميعاد	34.18390	4.45105	
257	Ourlal	أورلال	34.65571	5.52432	2484359
256	Oumache	أوماش	34.69292	5.68092	2484738
255	Ouled Djellal	أولاد جلال	34.42011	5.06235	2484933
254	M'lili	مليلي	34.65526	5.55691	2487321
253	Meziraa	المزيرعة	34.72077	6.29474	
252	Mekhadma	مخادمة	34.64779	5.46833	2488547
251	M'chouneche	مشونش	34.94967	6.00387	2489940
250	Lioua	ليوة	34.63099	5.39362	2490801
249	Lichana	ليشانة	34.71753	5.42232	2490814
248	Khenguet Sidi Nadji	خنقة سيدي ناجي	34.81667	6.70000	2492113
247	Foughala	فوغالة	34.72319	5.33112	2496338
246	El Outaya	الوطاية	35.03412	5.59517	2497370
245	El Kantara	القنطرة	35.22024	5.70585	2497979
244	El Haouch	الحوش	34.55511	6.05716	2498076
243	El Hadjab	الحاجب	34.78923	5.59960	
242	El Ghrous	الغروس	34.70451	5.28487	
241	El Feidh	الفيض	34.00646	6.91303	
240	Doucen	الدوسن	34.60181	5.10141	2499197
239	Djemorah	جمورة	35.07025	5.84265	2499906
238	Chetma	شتمة	34.84568	5.80839	2501365
237	Chaiba	الشعيبة	36.62507	2.72701	2501818
236	Branis	برانيس	34.99338	5.77418	2502057
235	Bouchakroun	بوشقرون	34.72066	5.46780	
234	Bordj Ben Azzouz	برج بن عزوز	34.69572	5.36126	
233	Biskra	بسكرة	34.85038	5.72805	2503826
232	Besbes	بسباس	36.70222	7.84722	2504072
231	Ain Zaatout	عين زعطوط	35.13333	5.81667	2507866
230	Ain Naga	عين الناقة	34.68762	6.09419	2507990
229	Toudja	توجة	36.74688	4.87203	2475502
228	Tizi-N'berber	تيزي نبربر	36.61241	5.21699	
227	Tinebdar	تينبدار	36.62525	4.68101	2476269
226	Timezrit	تيمزريت	36.65000	4.76667	2476411
225	Tifra	تيفرة	36.66639	4.69722	2476725
224	Tichy	تيشي	36.66895	5.15749	
223	Tibane	طيبان	36.60890	4.64746	2476888
222	Tazmalt	تازمالت	36.38682	4.39886	2477537
221	Taskriout	تاسكريوت	36.56667	5.25000	2477669
220	Taourit Ighil	تاوريرت إغيل	36.70000	4.70000	2477895
219	Tamridjet	تامريجت	36.56273	5.36313	2478064
218	Tamokra	تامقرة	36.39322	4.66446	2478073
217	Tala Hamza	تالة حمزة	36.68824	5.00702	11204099
216	Souk Oufella	سوق اوفلا	36.51325	4.70864	2482156
215	Souk El Tenine	سوق لإثنين	36.62656	5.33388	2479196
214	Smaoun	سمعون	36.60847	4.82243	
213	Sidi-Aich	سيدي عيش	36.60927	4.69125	2481256
212	Sidi Ayad	سيدي عياد	36.61192	4.71517	
211	Seddouk	صدوق	36.54722	4.68611	2482159
210	Oued Ghir	وادي غير	36.71044	4.97731	2485613
209	Melbou	مالبو	36.64038	5.34477	
208	M'cisna	مسيسنة	36.56425	4.73148	
207	Kherrata	خراطة	36.49349	5.27802	2491776
206	Kendira	كنديرة	36.58333	5.06667	2492423
205	Ighram	اغرم	36.46295	4.50532	2493605
204	Ighil-Ali	إغيل علي	36.33333	4.46667	2493606
203	Ouzellaguen	أوزلاقن	36.55000	4.53333	2484246
202	Feraoun	فرعون	36.56041	4.85454	2496573
201	Fenaia Il Maten	فناية الماثن	36.66607	4.79300	
200	El Kseur	القصر	36.67942	4.85550	2497796
199	Leflaye	الفلاي	36.60842	4.66752	
198	Dra El Caid	ذراع القايد	36.44017	5.23653	
197	Darguina	درقينة	36.56498	5.30595	2500863
196	Chemini	شميني	36.60000	4.61667	2501508
195	Chellata	شلاطة	36.51944	4.49750	2501522
194	Boukhelifa	بوخليفة	36.63689	5.07497	
193	Bouhamza	بوحمزة	36.43333	4.70000	2503039
192	Boudjellil	بو جليل	36.33400	4.35870	2503260
191	Benimaouche	بني معوش	36.48770	4.78749	
190	Beni-Mallikeche	بني مليكش	36.44718	4.41023	
189	Beni K'sila	بني كسيلة	36.88199	4.66439	
188	Beni Djellil	بني جليل	36.57288	4.81043	
187	Bejaia	بجاية	36.75587	5.08433	2505329
186	Barbacha	برباشة	36.56667	4.96667	2505651
185	Aokas	أوقاس	36.63333	5.25000	2506939
184	Amizour	أميزور	36.64022	4.90131	2507169
183	Amalou	أمالو	36.61442	5.14518	2507322
182	Akfadou	أكفادو	36.63333	4.60000	2507621
181	Akbou	أقبو	36.45750	4.53494	2507646
180	Ait-Smail	أيت إسماعيل	36.73333	4.85000	2507697
179	Ait R'zine	أيت رزين	36.30180	4.48790	
178	Adekar	أدكار	36.69314	4.67152	2508924
177	Zanet El Beida	زانة البيضاء	35.80982	6.13314	
176	Timgad	تيمقاد	35.49281	6.46999	2476409
175	Tilatou	تيلاطو	35.32058	5.78874	2476565
174	Tigharghar	تغرغار	35.08850	5.97110	
173	Tighanimine	تيغانمين	35.16263	6.24020	2475963
172	Teniet El Abed	ثنية العابد	35.24695	6.19062	2477122
171	Tazoult	تازولت	35.48171	6.26074	2477528
170	Taxlent	تاكسلانت	35.61667	5.81667	2477601
169	Talkhamt	تالخمت	35.66698	5.78540	
168	T Kout	تكوت	35.13920	6.30861	2475701
167	Seriana	سريانة	35.69167	6.18639	2481759
166	Seggana	سقانة	35.33689	5.62696	2482024
165	Sefiane	سفيان	35.43794	5.55978	
164	Ras El Aioun	رأس العيون	35.67384	5.64530	2483968
163	Rahbat	الرحبات	35.71286	5.65628	
162	Ouyoun El Assafir	عيون العصافير	35.51789	6.37108	
161	Ouled Si Slimane	أولاد سي سليمان	35.46047	5.46862	2484781
160	Ouled Sellem	أولاد سلام	35.82901	5.64895	2484800
159	Ouled Fadel	أولاد فاضل	35.58333	6.71667	2484897
158	Ouled Aouf	أولاد عوف	35.45545	5.75644	
157	Ouled Ammar	أولاد عمار	36.47876	1.64817	7540709
156	Oued Taga	وادي الطاقة	35.41667	6.38333	2485565
155	Oued El Ma	وادي الماء	35.64525	5.99605	2485624
154	Oued Chaaba	وادي الشعبة	35.52335	6.11100	
153	N Gaous	نقاوس	35.55500	5.61056	2486177
152	Merouana	مروانة	35.63106	5.91186	2487882
151	Menaa	منعة	35.17769	6.00422	2488193
150	Maafa	معافة	35.26346	5.89764	2490711
149	M Doukal	إمدوكل	35.12100	5.18067	2489904
148	Lemcene	لمسان	35.65708	5.79828	
147	Lazrou	لازرو	35.80738	6.22530	
146	Larbaa	لارباع	36.56471	3.15434	2491050
145	Ksar Bellezma	قصر بلزمة	35.67627	5.90215	
144	Kimmel	كيمل	35.21669	6.54490	
143	Inoughissen	إينوغيسن	35.30494	6.54839	
142	Ichemoul	إشمول	35.31667	6.51667	2493710
141	Hidoussa	حيدوسة	35.49316	5.90655	2493858
140	Guigba	القيقبة	35.73549	5.58997	2498214
139	Gosbat	القصبات	35.65837	5.52169	2496000
138	Ghassira	غسيرة	35.09708	6.22281	
137	Foum Toub	فم الطوب	35.40506	6.54961	2496291
136	Fesdis	فسديس	35.61812	6.24644	
135	El Madher	المعذر	35.62938	6.37262	2497758
134	El Hassi	الحاسي	36.17847	5.45808	2498041
133	Djezzar	الجزار	35.53333	5.36667	2499719
132	Djerma	جرمة	35.30795	6.49794	2499748
131	Chir	شير	35.21283	6.09805	2501299
130	Chemora	الشمرة	35.66528	6.64806	2501503
129	Bouzina	بوزينة	35.27942	6.11124	2502112
128	Boumia	بومية	35.68657	6.45779	2489674
127	Boumagueur	بومقر	35.50520	5.55250	2502625
126	Boulhilat	بولهيلات	35.72480	6.66256	
125	Bitam	بيطام	35.30000	5.30000	2503816
124	Beni Foudhala El Hakania	بني فضالة الحقانية	35.37816	6.06075	
123	Batna	باتنة	35.55597	6.17414	2505572
122	Barika	بريكة	35.38901	5.36584	2505629
121	Azil Abedelkader	عزيل عبد القادر	35.32368	5.01498	
120	Arris	أريس	35.25881	6.34706	2506404
119	Ain Yagout	عين ياقوت	35.77457	6.41644	2507870
118	Ain Touta	عين التوتة	35.37675	5.90001	2507877
117	Ain Djasser	عين جاسر	35.89333	6.29417	2573244
116	Zorg	الزرق	35.81299	7.48871	
115	Souk Naamane	سوق نعمان	35.82670	6.38850	
114	Sigus	سيقوس	36.12361	6.78583	2479596
113	Rahia	الرحية	35.71667	7.66667	2484095
112	Oum El Bouaghi	أم البواقي	35.83333	7.08333	2484618
111	Ouled Zouai	أولاد زواي	35.84022	6.51143	
110	Ouled Hamla	أولاد حملة	36.07882	6.46977	2484887
109	Ouled Gacem	أولاد قاسم	36.03345	6.66698	
108	Oued Nini	وادي نيني	35.59700	7.30040	
107	Meskiana	مسكيانة	35.63058	7.66606	2487805
106	Ksar Sbahi	قصر الصباحي	36.08306	7.25806	2491300
105	Hanchir Toumghani	هنشير تومغني	35.93462	6.74127	
104	Fkirina	فكيرينة	35.66373	7.29885	2496401
103	El Harmilia	الحرملية	35.85340	6.61930	
102	El Fedjoudj Boughrara Sa	الفجوج بوغرارة سعودي	35.71037	6.81935	
101	El Djazia	الجازية	35.66311	7.50814	
100	El Belala	البلالة	35.66479	7.78898	
99	El Amiria	العامرية	36.07188	6.90599	
98	Dhalaa	الضلعة	35.42971	7.54440	2500488
97	Bir Chouhada	بئر الشهداء	35.89583	6.39556	2503889
96	Berriche	بريش	35.91444	7.37667	2504107
95	Behir Chergui	بحير الشرقي	35.78333	7.73333	2489716
94	Ain Zitoun	عين الزيتون	35.68418	6.93578	
93	Ain M'lila	عين مليلة	36.03687	6.57219	2508002
92	Ain Kercha	عين كرشة	35.92472	6.69528	2508059
91	Ain Fekroun	عين فكرون	35.97358	6.87600	
90	Ain Diss	عين الديس	35.56956	7.71314	2489811
89	Ain Beida	عين البيضاء	35.79639	7.39278	2508287
88	Ain Babouche	عين ببوش	35.94194	7.18750	2508293
87	Taouiala	تاويالة	33.87186	1.86540	2477947
86	Tadjrouna	تاجرونة	33.50540	2.10535	
85	Tadjemout	تاجموت	33.87996	2.52345	
84	Sidi Makhlouf	سيدي مخلوف	34.12942	3.01436	2480260
83	Sidi Bouzid	سيدي بوزيد	35.94297	0.44877	2499232
82	Sebgag	سبقاق	34.02958	1.92697	
81	Oued M'zi	وادي مزي	33.92290	2.43681	
80	Oued Morra	وادي مرة	34.16509	2.32406	2485593
79	Laghouat	الأغواط	33.80000	2.86514	2491191
78	Ksar El Hirane	قصر الحيران	33.79154	3.14482	2491317
77	Kheneg	الخنق	33.74670	2.79509	2497877
76	Hassi R'mel	حاسي الرمل	32.93867	3.25865	2494021
75	Hassi Delaa	حاسي الدلاعة	33.53542	3.31597	
74	Hadj Mechri	الحاج مشري	33.96103	1.60140	
73	Gueltat Sidi Saad	قلتة سيدي سعد	34.29606	1.94615	2495629
72	El Haouaita	الحويطة	33.64654	2.44919	
71	El Ghicha	الغيشة	33.93157	2.14355	2498316
70	El Assafia	العسافية	33.82640	2.98989	2498604
69	Brida	بريدة	33.96927	1.73724	2502021
68	Benacer Benchohra	بن ناصر بن شهرة	33.68090	3.00200	
67	El Beidha	البيضاء	34.40240	2.17530	
66	Ain Sidi Ali	عين سيدي علي	34.15691	1.54179	2507931
65	Ain Madhi	عين ماضي	33.79718	2.30624	
64	Aflou	أفلو	34.11279	2.10228	2508737
63	Zeboudja	الزبوجة	36.35085	1.43100	2474750
62	Tenes	تنس	36.51076	1.30809	2477148
61	Taougrit	تاوقريت	36.24741	0.92371	2477949
60	Talassa	تلعصة	36.42577	1.09362	
59	Tadjena	تاجنة	36.32377	1.13589	2478878
58	Sobha	الصبحة	36.10998	1.10845	7429635
57	Sidi Akkacha	سيدي عكاشة	36.46472	1.30258	2481207
56	Sidi Abderrahmane	سيدي عبد الرحمن	36.49341	1.09420	2479206
55	Sendjas	سنجاس	36.06965	1.39393	2481836
54	Oum Drou	أم الدروع	36.19953	1.38932	2484495
53	Ouled Fares	أولاد فارس	36.26667	1.18333	2484896
52	Ouled Ben Abdelkader	أولاد بن عبد القادر	36.02553	1.27420	2484992
51	Ouled Abbes	أولاد عباس	36.21909	1.48801	2485060
50	Oued Sly	وادي سلي	36.10124	1.19949	2485572
49	Oued Goussine	وادي قوسين	36.52429	1.49719	
48	Oued Fodda	وادي الفضة	36.18503	1.53299	2485618
47	Moussadek	مصدق	36.35383	1.00915	7467366
46	Labiod Medjadja	الأبيض مجاجة	36.25136	1.39244	2572655
45	Herenfa	الهرانفة	36.24571	1.04592	7430595
44	Harchoun	حرشون	36.11354	1.50635	2572906
43	El Marsa	المرسى	36.40356	0.91684	2497699
42	El Karimia	الكريمية	36.11305	1.55342	2497972
41	El Hadjadj	الحجاج	36.01549	1.37719	
40	Dahra	الظهرة	36.25456	0.85188	
39	Chlef	الشلف	36.16525	1.33452	2498611
38	Chettia	الشطية	36.19591	1.25537	2498954
37	Breira	بريرة	36.53333	1.58333	2484179
36	Bouzeghaia	بوزغاية	36.33805	1.24000	2502135
35	Boukadir	بوقادير	36.06629	1.12602	2502924
34	Beni Rached	بني راشد	36.27679	1.52185	2504588
33	Beni Haoua	بني حواء	36.53110	1.56891	2504674
32	Beni  Bouattab	بني بوعتاب	35.99503	1.61751	9295806
31	Benairia	بنايرية	36.35390	1.37403	2496392
30	Ain Merane	عين مران	36.16277	0.97037	2508010
29	Abou El Hassane	أبو الحسن	36.41459	1.19382	
28	Zaouiet Kounta	زاوية كنتة	27.22269	-0.19781	2474861
27	Tsabit	تسابيت	28.35049	-0.22401	2475145
26	Tit	تيت	26.93602	1.49214	2475837
25	Tinerkouk	تنركوك	29.75000	0.50000	2476242
24	Timimoun	تيميمون	29.26388	0.23098	2476403
23	Timiaouine	تيمياوين	20.43396	1.81013	
22	Timekten	تيمقتن	27.02146	1.01409	
21	Tamest	تامست	27.42374	-0.24580	
20	Tamantit	تامنطيط	27.76133	-0.26575	
19	Talmine	طالمين	29.32960	-0.49863	
18	Sebaa	السبع	27.95878	-0.28841	
17	Sali	سالي	26.96548	-0.04042	2482428
16	Reggane	رقان	26.71576	0.17140	2483761
15	Ouled Said	أولاد السعيد	29.41500	0.24444	
14	Ouled Aissa	أولاد عيسى	29.42356	-0.08914	
13	Ouled Ahmed Timmi	أولاد أحمد تيمي	27.85104	-0.28128	
12	Metarfa	المطارفة	28.58437	-0.15039	2487648
11	Ksar Kaddour	قصر قدور	29.57849	0.37397	
10	In Zghmir	إن زغمير	27.03717	-0.08702	
9	Fenoughil	فنوغيل	27.66667	-0.30000	2496587
8	Deldoul	دلدول	28.77009	0.05209	
7	Charouine	شروين	29.01497	-0.26440	2501752
6	Bouda	بودة	28.01000	-0.42680	
5	Bordj Badji Mokhtar	برج باجي مختار	21.32920	0.94791	2596771
4	Aoulef	أولف	26.96667	1.08333	2506795
3	Aougrout	أوقروت	28.70289	0.33519	2506851
2	Akabli	اقبلي	26.70851	1.36883	8128537
1	Adrar	أدرار	27.87429	-0.29388	2508813
